Hero,s_Aamon,s_Akai,s_Aldous,s_Alice,s_Alpha,s_Alucard,s_Angela,s_Argus,s_Arlott,s_Atlas,s_Aulus,s_Aurora,s_Badang,s_Balmond,s_Bane,s_Barats,s_Baxia,s_Beatrix,s_Belerick,s_Benedetta,s_Brody,s_Bruno,s_Carmilla,s_Cecilion,s_Chang’e,s_Chou,s_Cici,s_Claude,s_Clint,s_Cyclops,s_Diggie,s_Dyrroth,s_Edith,s_Esmeralda,s_Estes,s_Eudora,s_Fanny,s_Faramis,s_Floryn,s_Franco,s_Fredrinn,s_Freya,s_Gatotkaca,s_Gloo,s_Gord,s_Granger,s_Grock,s_Guinevere,s_Gusion,s_Hanabi,s_Hanzo,s_Harith,s_Harley,s_Hayabusa,s_Helcurt,s_Hilda,s_Hylos,s_Irithel,s_Ixia,s_Jawhead,s_Johnson,s_Joy,s_Julian,s_Kadita,s_Kagura,s_Kaja,s_Karina,s_Karrie,s_Khaleed,s_Khufra,s_Kimmy,s_Lancelot,s_Lapu-Lapu,s_Layla,s_Leomord,s_Lesley,s_Ling,s_Lolita,s_Lunox,s_Luo Yi,s_Lylia,s_Martis,s_Masha,s_Mathilda,s_Melissa,s_Minotaur,s_Minsitthar,s_Miya,s_Moskov,s_Nana,s_Natalia,s_Natan,s_Nolan,s_Novaria,s_Odette,s_Paquito,s_Pharsa,s_Phoveus,s_Popol and Kupa,s_Rafaela,s_Roger,s_Ruby,s_Saber,s_Selena,s_Silvanna,s_Sun,s_Terizla,s_Thamuz,s_Tigreal,s_Uranus,s_Vale,s_Valentina,s_Valir,s_Vexana,s_Wanwan,s_X.Borg,s_Xavier,s_Yi Sun-shin,s_Yin,s_Yu Zhong,s_Yve,s_Zhask,s_Zilong,c_Aamon,c_Akai,c_Aldous,c_Alice,c_Alpha,c_Alucard,c_Angela,c_Argus,c_Arlott,c_Atlas,c_Aulus,c_Aurora,c_Badang,c_Balmond,c_Bane,c_Barats,c_Baxia,c_Beatrix,c_Belerick,c_Benedetta,c_Brody,c_Bruno,c_Carmilla,c_Cecilion,c_Chang’e,c_Chou,c_Cici,c_Claude,c_Clint,c_Cyclops,c_Diggie,c_Dyrroth,c_Edith,c_Esmeralda,c_Estes,c_Eudora,c_Fanny,c_Faramis,c_Floryn,c_Franco,c_Fredrinn,c_Freya,c_Gatotkaca,c_Gloo,c_Gord,c_Granger,c_Grock,c_Guinevere,c_Gusion,c_Hanabi,c_Hanzo,c_Harith,c_Harley,c_Hayabusa,c_Helcurt,c_Hilda,c_Hylos,c_Irithel,c_Ixia,c_Jawhead,c_Johnson,c_Joy,c_Julian,c_Kadita,c_Kagura,c_Kaja,c_Karina,c_Karrie,c_Khaleed,c_Khufra,c_Kimmy,c_Lancelot,c_Lapu-Lapu,c_Layla,c_Leomord,c_Lesley,c_Ling,c_Lolita,c_Lunox,c_Luo Yi,c_Lylia,c_Martis,c_Masha,c_Mathilda,c_Melissa,c_Minotaur,c_Minsitthar,c_Miya,c_Moskov,c_Nana,c_Natalia,c_Natan,c_Nolan,c_Novaria,c_Odette,c_Paquito,c_Pharsa,c_Phoveus,c_Popol and Kupa,c_Rafaela,c_Roger,c_Ruby,c_Saber,c_Selena,c_Silvanna,c_Sun,c_Terizla,c_Thamuz,c_Tigreal,c_Uranus,c_Vale,c_Valentina,c_Valir,c_Vexana,c_Wanwan,c_X.Borg,c_Xavier,c_Yi Sun-shin,c_Yin,c_Yu Zhong,c_Yve,c_Zhask,c_Zilong,win_rate,pick_rate,ban_rate
Aamon,0,10,5,5,0,-10,10,-5,5,15,-10,15,10,0,0,-10,10,10,10,10,10,10,10,10,10,10,10,10,10,10,15,10,15,5,10,5,-15,10,5,15,-10,0,15,10,5,5,15,5,-15,5,-15,-10,-5,-15,-15,10,10,10,10,10,10,5,5,10,10,15,-15,10,10,15,5,-15,5,0,-15,5,-15,10,5,10,5,5,-5,15,5,15,5,5,5,10,5,5,-15,-10,5,0,5,0,5,10,-15,10,5,10,10,-5,10,5,15,0,5,5,5,15,5,5,15,-15,-15,10,5,0,-15,0,-15,10,15,0,-10,15,-15,-15,-15,0,15,-15,-15,10,-15,-15,15,-15,-15,15,15,-15,15,15,-15,-15,0,15,15,15,15,-15,-15,15,15,0,-15,15,-15,-10,0,5,-15,-15,-5,0,-10,-5,10,15,15,-15,5,-10,15,-5,-10,-10,-5,-10,15,15,-5,5,-5,-15,-10,-5,15,-10,0,15,-15,-5,5,15,-5,10,-5,-5,0,-10,0,-10,-5,-15,5,-15,15,5,5,15,15,-15,5,-10,0,5,10,15,-15,0,15,0,5,-10,10,-15,10,-15,-15,-10,-10,-10,-15,0,5,5,0,-10,-10,-10,0.4941,0.004,0.0041
Akai,10,0,15,5,10,15,10,5,5,-15,5,15,5,0,0,10,10,10,-15,10,10,10,10,10,10,0,10,0,10,10,-15,10,5,5,10,10,15,10,0,0,0,10,0,0,10,5,-10,5,5,5,0,0,0,0,10,5,-10,10,10,5,-15,15,10,5,5,0,10,10,10,-10,5,10,10,10,5,5,5,-15,10,10,10,15,0,-15,10,-15,-10,5,10,10,-5,0,10,-5,10,15,5,15,5,-10,5,5,-10,-5,-5,-10,15,10,-15,5,5,10,0,15,5,5,15,10,5,15,5,0,5,15,0,15,5,15,15,15,15,15,15,15,15,15,-5,15,-15,-10,15,-15,15,15,15,-15,10,10,10,15,10,15,10,-15,15,15,-15,15,15,15,-15,15,-15,-10,-10,15,0,-10,-5,-5,10,15,-5,10,10,0,5,15,-10,15,-10,-15,-10,0,-15,15,-15,5,10,15,-5,15,-10,-15,15,-5,0,10,-15,0,-5,-15,-5,10,-10,-15,0,-5,0,15,5,10,-10,15,10,-15,10,-10,-15,-15,5,0,5,-10,5,-10,-5,-15,-10,10,0,0,-5,-5,-15,-15,15,15,5,15,0,15,10,-15,-5,0,0.4719,0.0039,0.0026
Aldous,5,15,0,10,5,-15,10,-15,0,15,-15,10,-15,-10,0,5,10,0,10,-10,0,0,10,0,0,10,-10,0,0,0,10,-10,5,0,10,0,0,10,10,10,-10,-10,10,10,0,5,15,0,0,5,0,0,0,0,0,0,10,0,0,10,10,0,0,10,5,15,-15,0,0,15,0,0,0,0,0,0,0,10,0,10,0,-10,-15,10,0,15,-10,0,0,10,5,0,-15,0,0,0,0,0,0,10,-5,0,0,0,0,-15,-10,-10,15,0,0,0,0,0,0,0,0,0,-15,0,0,0,-15,-10,-15,0,-15,5,5,15,-15,10,-15,10,15,-15,0,-10,-15,-15,15,-15,-15,15,15,0,15,15,-10,-15,-15,15,15,-10,-15,10,-15,15,15,-15,10,15,-15,15,-15,10,5,-15,-10,0,-5,-10,0,10,-5,-10,0,-5,5,-10,-10,-5,0,-5,15,-15,-15,5,-15,-5,-10,10,5,0,5,-10,-5,-15,0,0,10,-15,0,10,-15,-15,-5,5,0,-15,-5,-5,10,-15,0,15,-10,-5,15,-15,-5,15,-10,5,-10,10,-5,15,-15,-10,-5,-5,-5,15,-10,-5,15,0,-10,-5,5,15,10,10,15,15,0.5072,0.0081,0.0146
Alice,5,5,10,0,0,-15,15,-15,10,15,-10,10,-10,10,0,10,10,5,15,0,10,0,0,0,0,0,-10,10,0,-15,10,0,10,5,10,0,0,10,10,0,0,0,10,10,0,0,15,5,0,0,0,0,0,0,0,0,10,0,0,5,10,5,0,0,0,10,0,0,5,15,0,-5,10,0,10,0,-10,10,5,10,10,15,0,0,5,15,-5,0,0,10,10,0,5,10,5,5,5,0,0,15,-15,0,5,15,0,0,5,5,15,10,0,5,10,15,10,0,10,-10,0,10,0,0,-5,15,-10,15,0,-15,5,15,-5,15,-15,10,15,10,-5,15,0,-15,15,-15,15,15,10,-15,15,15,-15,0,-15,10,5,-15,-15,-10,-15,10,10,-15,15,10,15,10,15,0,-5,15,-15,10,10,-15,-15,-15,5,-10,10,-10,15,0,0,5,5,-5,10,-5,0,15,5,-10,-5,-10,5,15,-5,0,15,-10,-5,15,-15,-10,-10,-5,10,15,-5,10,15,-5,-10,10,-5,0,-5,-5,0,-15,-5,10,-10,0,5,-5,0,5,0,15,-15,-10,5,-5,-10,15,0,15,5,15,0,-10,5,-5,-5,-10,-10,10,0.5153,0.0015,0.0064
Alpha,0,10,5,0,0,-10,15,-10,0,15,-10,10,0,0,0,0,5,0,15,10,0,0,5,5,5,5,10,0,0,0,10,0,10,0,10,5,0,15,15,15,10,10,10,0,5,0,15,10,-5,0,-10,0,0,-5,-5,10,10,0,0,5,10,0,0,5,5,10,-10,0,10,15,0,-5,0,0,0,0,-10,10,5,10,10,0,0,10,0,15,0,0,0,10,0,0,-5,-10,10,10,10,0,0,10,-5,5,-5,0,0,-5,10,0,15,0,0,5,10,15,0,5,10,-10,0,15,5,0,-5,10,5,15,0,0,15,15,-10,15,10,15,-15,15,-10,15,15,15,15,10,15,15,10,15,15,15,10,10,5,15,15,-15,10,15,15,15,15,-15,15,15,15,-10,0,10,10,5,0,-5,-5,10,15,-5,0,0,15,0,0,-10,5,-15,-15,-5,-15,-10,-10,-10,-5,10,5,10,-15,5,10,0,0,15,0,0,0,5,15,-5,15,-5,-15,5,-5,0,-15,-10,-15,-5,0,-15,15,10,-10,10,15,-5,5,15,-5,5,5,5,5,0,5,-10,5,10,-10,-10,0,0,-10,10,10,5,10,15,-15,5,0.4992,0.0238,0.0348
Alucard,-10,15,-15,-15,-10,0,5,-10,0,15,-10,15,5,-5,0,-5,0,0,15,0,0,0,0,0,0,10,0,0,0,0,10,0,10,0,5,0,-10,10,5,10,0,10,10,10,0,0,15,5,-10,0,-10,0,0,-10,-10,-5,5,0,0,5,10,0,0,5,5,10,-10,0,15,15,0,-10,10,0,5,0,-10,10,5,10,5,5,-5,5,0,15,0,0,0,10,-10,0,-10,-10,5,10,5,0,0,5,-10,10,-5,-5,0,-10,10,0,15,0,5,10,10,15,0,0,15,-10,-15,10,-5,-10,-15,0,-15,5,-10,0,0,15,0,10,10,5,-15,-15,0,15,10,-15,5,-15,15,15,10,5,15,15,-15,-15,5,10,-15,-15,-15,-15,10,15,15,0,15,15,15,5,0,-10,-5,5,-5,15,10,-5,10,15,0,15,-5,-5,5,-10,5,0,-15,0,5,15,0,10,15,-10,-15,0,10,10,-15,-15,10,-15,-15,5,-5,-10,0,0,15,-10,5,-15,15,15,-5,-10,5,10,15,-10,10,-10,0,-5,15,-15,5,15,-10,5,10,10,0,10,0,0,15,15,-15,-10,15,-5,15,-15,10,5,-15,-5,-10,15,0.5041,0.0051,0.0021
Angela,10,10,10,15,15,5,0,0,10,-5,5,0,5,10,0,10,-5,0,-5,10,0,0,0,10,0,5,15,15,0,15,-10,0,0,15,-10,0,0,-10,-10,-10,15,10,-5,0,0,10,0,10,5,15,5,10,0,5,5,0,-5,10,0,0,-5,15,0,-5,0,-10,0,0,10,-10,0,10,10,0,15,0,10,-10,0,0,10,15,0,-10,0,-10,0,0,0,0,-15,0,15,-5,0,15,0,10,0,-10,10,5,-10,-10,0,-10,10,5,-10,15,0,0,0,5,0,0,5,15,0,15,0,0,-15,-15,-15,-15,-15,-15,-10,0,-15,0,0,10,-15,-15,15,-15,-15,-15,-15,-15,-15,-15,-15,0,10,10,-15,0,-15,-10,-15,-15,-10,5,-15,-15,5,-15,10,-15,10,5,15,15,0,5,-15,10,-5,10,0,0,15,-15,-10,5,-5,-15,10,-10,5,-10,5,0,0,0,-15,10,5,15,5,-15,-5,-15,-10,0,5,5,15,-5,-10,5,15,0,-10,15,-15,0,-5,5,-15,-5,5,10,10,5,0,5,-5,15,5,0,10,0,-10,-5,5,-10,-10,10,10,-5,10,15,5,10,5,-10,-10,0,10,-5,5,15,0.5085,0.0181,0.1175
Argus,-5,5,-15,-15,-10,-10,0,0,0,0,-15,5,-15,0,0,0,0,0,0,-15,0,0,0,0,0,0,-15,0,0,0,0,-15,-15,-15,-15,0,0,0,0,15,5,-15,5,0,0,0,10,-15,-15,0,0,0,0,0,0,0,0,0,0,-15,0,-15,0,0,0,10,0,0,-15,0,0,0,-15,0,-15,0,0,5,0,0,0,0,0,0,0,5,10,0,0,5,0,0,0,-5,0,0,0,-15,0,0,-5,-15,0,0,-15,-15,-15,-15,10,-15,0,0,0,0,0,-15,0,0,0,-15,0,0,-15,-15,0,15,5,15,15,15,0,5,15,15,-15,15,0,15,15,-15,15,-15,15,15,15,15,15,15,15,0,-15,15,15,-15,15,15,15,15,15,-15,15,15,15,0,0,10,5,0,-10,-10,5,-15,0,-15,-15,-10,10,-10,-10,-5,5,5,-10,15,5,10,0,15,15,-5,-15,-15,10,-5,-5,10,15,10,-5,-15,-10,0,0,15,0,0,5,10,-10,-15,15,10,10,15,-5,10,-10,5,-15,-10,15,10,0,-5,-10,10,0,5,15,-5,15,5,0,-10,15,-15,0,0,-10,15,0,10,15,15,0,10,0.5562,0.0039,0.0036
Arlott,5,5,0,10,0,0,10,0,0,5,0,5,10,0,0,0,0,0,15,-15,0,0,0,0,0,0,-15,0,0,0,0,-15,10,-15,0,0,0,0,0,0,15,-15,0,0,0,0,10,-15,0,0,0,0,0,0,0,10,10,0,0,-15,10,0,5,5,5,0,0,0,-15,15,0,0,-15,0,-15,0,0,0,0,10,0,15,0,0,0,15,-15,0,0,0,0,0,10,0,0,0,0,-15,0,10,0,-15,0,0,-15,-15,-15,-15,15,0,15,15,15,15,0,-15,0,0,0,0,0,0,-15,15,-15,15,-15,10,15,15,10,0,15,15,15,5,-5,10,-15,-10,15,-15,15,15,15,5,15,15,5,-5,15,15,15,-15,0,15,0,15,15,5,15,15,15,0,-15,-10,5,-5,-15,5,-15,15,10,0,-5,5,5,5,0,-15,5,10,10,10,15,5,10,-15,5,-5,-15,0,0,15,5,10,0,5,5,-10,-10,15,15,15,10,10,-10,15,-5,5,5,-5,15,-15,10,10,0,-10,-5,-10,5,-10,-10,-15,5,10,0,-5,5,-10,10,10,-5,-5,0,5,-15,-15,5,5,0,-10,-5,15,15,15,0.4972,0.0066,0.0242
Atlas,15,-15,15,15,15,15,-5,0,5,0,0,15,15,0,15,0,0,15,-15,15,0,0,15,15,0,0,0,15,0,0,-15,0,-15,15,-15,0,0,0,-15,-15,5,15,-15,-15,15,0,-15,15,0,15,15,0,0,0,0,-15,-15,15,15,0,-15,0,15,-15,15,0,5,0,15,-15,10,0,15,0,15,0,0,-15,0,15,15,15,0,-15,0,-15,0,15,0,15,-15,10,0,0,15,15,15,0,0,-15,0,10,-15,-15,15,0,15,0,-15,0,15,0,0,15,0,15,15,0,0,15,15,0,0,5,-15,10,-15,10,10,15,10,10,0,15,-15,10,15,15,-15,-15,15,-15,-15,15,15,5,15,15,-15,0,15,15,15,-15,15,-15,0,15,15,-15,15,15,15,0,10,5,15,15,5,15,-5,0,-10,5,-10,-10,10,10,10,0,0,15,0,0,0,15,15,5,0,10,-10,-10,-10,10,-15,-15,0,-15,15,-10,-10,0,-15,5,-10,-5,0,0,-5,15,15,-10,15,-5,5,0,-10,15,-5,-5,15,-15,5,15,5,-10,0,0,0,15,5,-10,10,-10,-15,-5,15,-10,-15,10,-10,15,15,-15,-5,-5,0.4892,0.0075,0.0273
Aulus,-10,5,-15,-10,-10,-10,5,-15,0,0,0,15,-15,0,-15,0,0,15,0,-15,15,15,0,0,0,0,-15,0,0,0,10,-15,0,-15,0,0,0,15,0,0,15,-15,0,0,0,0,0,-15,0,0,0,0,0,0,0,0,15,0,0,-15,-15,0,0,10,10,0,0,0,-15,15,15,0,-15,-15,-15,0,-15,15,10,10,10,15,-15,10,0,15,-15,0,0,15,-15,0,-15,-15,0,-15,0,-15,0,10,-15,-15,-15,-15,-15,-15,-15,-15,15,0,10,10,10,10,0,-15,10,0,0,-15,0,0,-15,0,-15,-15,5,15,15,15,-10,10,-15,0,-15,-15,-10,15,10,5,15,-15,-15,15,15,15,15,15,-15,15,15,15,15,10,0,10,10,15,10,-15,15,15,10,-5,-10,0,10,15,15,15,0,-5,-5,-5,10,15,-5,15,-5,0,-15,-15,-15,15,-15,-5,10,10,0,5,10,10,-10,0,15,-10,-15,5,15,15,15,-5,15,-5,5,0,-10,0,-5,0,15,-10,5,5,-10,-10,15,0,5,5,0,-10,-10,-15,10,-15,0,0,10,-10,-10,0,-10,-5,10,15,-15,15,10,-5,15,5,-10,15,-5,-10,0.5163,0.0019,0.0019
Aurora,15,15,10,10,10,15,0,5,5,15,15,0,15,0,0,15,0,0,15,15,15,0,15,-15,-15,0,0,15,0,-15,0,0,0,15,0,-15,5,0,0,0,15,15,15,0,-15,0,15,15,0,15,0,-15,-15,0,0,0,0,15,15,0,15,10,-15,-15,-15,0,0,0,15,15,0,0,15,0,0,0,0,15,-15,-15,-15,15,0,0,5,15,10,10,0,-15,0,0,0,-15,-15,10,-15,0,0,0,0,15,0,0,0,0,15,0,15,0,-15,-15,-15,-15,0,10,-15,0,0,15,-15,-15,0,15,10,15,5,15,15,15,5,15,5,15,0,10,-10,10,5,15,15,10,10,15,15,15,15,15,10,15,15,15,15,-15,15,5,15,15,15,5,15,15,15,-15,-10,5,-10,5,15,5,0,-10,15,5,15,-10,10,5,10,-5,-15,-10,15,10,-5,15,15,0,10,10,0,5,-5,0,-5,-5,0,-15,0,5,15,5,-15,10,15,-5,10,-5,10,0,10,-15,5,-10,-5,15,10,5,10,10,-15,-15,10,15,-15,-15,-5,0,-5,0,5,-15,-10,-5,5,5,-10,15,-5,-10,-5,-5,-10,0,-10,-15,0.4973,0.0124,0.4223
Badang,10,5,-15,-10,0,5,5,-15,10,15,-15,15,0,-15,-15,0,0,0,15,-15,0,0,0,0,0,0,0,0,0,0,0,-15,0,-15,0,0,0,0,0,0,10,-15,0,-15,0,0,15,-15,0,0,0,0,0,0,0,0,0,0,0,0,15,0,0,0,0,0,0,0,-15,15,0,0,-15,0,-15,0,0,15,0,10,0,15,0,10,0,15,-15,0,0,0,0,0,0,0,0,-15,0,-15,0,0,0,0,0,0,-15,-15,-15,-15,15,-15,0,0,0,15,0,-15,10,0,0,-15,0,0,0,-10,-15,15,-5,15,15,15,10,15,5,15,5,0,15,10,15,15,15,15,-15,15,15,15,5,5,15,-15,-15,15,15,-15,10,5,15,15,15,10,15,15,15,5,10,-5,-5,0,-5,10,-10,10,15,-10,10,5,-5,5,5,-5,-10,-5,-10,-5,-5,15,-5,15,-15,5,-15,0,-15,5,0,0,-10,15,10,-10,-5,0,-5,10,0,15,-5,-5,15,-15,5,-15,5,5,-5,0,15,5,10,-5,-15,-15,5,0,-10,-10,10,15,10,-15,-15,0,10,0,5,-5,-10,-15,5,-5,0,0,5,-5,-10,-10,0.4912,0.0046,0.0014
Balmond,0,0,-10,10,0,-5,10,0,0,0,0,0,-15,0,0,0,0,0,0,0,0,0,0,0,0,0,0,0,0,0,0,0,0,0,0,0,0,0,0,0,0,0,0,0,0,0,0,0,0,0,0,0,0,0,0,0,0,0,0,0,0,0,0,0,0,0,0,0,0,0,0,0,0,0,0,0,0,0,0,0,0,0,0,0,0,0,0,0,0,0,0,0,0,0,0,0,0,0,0,0,0,0,0,0,0,0,0,0,0,0,0,0,0,0,0,0,0,0,0,0,0,0,0,15,0,10,-15,10,-10,15,10,10,15,5,-15,10,5,10,-10,-10,-15,15,10,15,-15,15,-15,-15,5,-15,-15,0,-15,-15,-15,0,10,-15,10,10,-15,-15,15,-10,15,15,5,-10,10,5,-5,-15,10,5,-15,0,10,5,0,0,10,0,-10,-10,10,10,-10,10,-5,15,10,0,5,10,5,5,-10,0,-5,-10,15,0,-10,0,-10,-5,10,5,-10,-5,15,5,5,15,15,-5,-10,10,-10,-5,15,15,0,-15,-15,-15,15,-5,5,-5,5,-5,-5,0,-5,-5,-15,10,10,5,5,-10,15,0,15,-10,0.4447,0.0129,0.0159
Bane,0,0,0,0,0,0,0,0,0,15,-15,0,-15,0,0,0,0,0,0,0,0,0,0,0,0,0,0,0,0,0,0,0,0,0,0,0,0,0,0,0,0,0,0,0,0,0,0,0,0,0,0,0,0,0,0,0,0,0,0,0,0,0,0,0,0,0,0,0,0,0,0,0,0,0,0,0,0,0,0,0,0,0,0,0,0,0,0,0,0,0,0,0,0,0,0,0,0,0,0,0,0,0,0,0,0,0,0,0,0,0,0,0,0,0,0,0,0,0,0,0,0,0,0,15,15,10,5,10,5,15,10,5,15,10,15,5,-10,0,-15,10,5,15,10,15,-15,5,-15,-15,5,-15,5,5,-15,-15,10,-15,10,15,10,15,0,15,10,5,15,10,0,-15,10,-10,-10,-5,0,10,10,0,-15,10,10,-10,10,10,15,15,15,10,-5,-5,5,10,10,-15,-10,-10,-15,0,5,-10,0,0,-15,-15,-15,-10,-15,5,15,10,0,-15,15,-10,5,-5,10,10,-5,0,-10,5,-15,0,0,0,-5,-5,0,-5,15,5,-15,0,0,15,5,15,0,10,0,-15,5,10,15,15,-15,-15,0.5004,0.0024,0.0011
Barats,-10,10,5,10,0,-5,10,0,0,0,0,15,0,0,0,0,0,0,0,0,0,0,0,0,0,0,0,0,0,0,0,15,5,0,15,0,-15,15,0,0,-15,15,15,15,15,0,15,15,-15,0,-15,0,15,-15,-15,0,15,0,0,0,15,0,0,0,0,15,-15,0,15,15,0,-15,15,0,0,0,-15,15,0,0,0,-15,0,15,0,15,0,0,0,0,15,0,-15,15,0,0,0,0,0,15,-15,15,15,15,0,0,15,15,15,0,15,15,15,15,0,0,15,-15,0,15,0,0,0,10,-15,10,-15,15,15,15,15,10,15,15,15,5,0,15,0,-15,-15,15,-15,15,5,10,-15,-15,10,15,15,15,15,10,-15,15,10,15,15,-15,15,15,15,-10,10,0,10,0,5,-5,10,10,-10,-10,5,-15,5,15,-15,-10,-10,15,0,5,15,15,-10,-15,-5,15,0,5,0,10,15,-5,0,15,5,-5,15,-5,10,10,-5,0,-10,-10,15,-15,5,10,10,5,10,15,-15,10,-15,-10,10,0,0,5,5,-10,-15,15,-15,5,10,-10,-5,-10,15,-10,5,-5,0,15,-5,15,0,10,15,10,0.5459,0.0071,0.0747
Baxia,10,10,10,10,5,0,-5,0,0,0,0,0,0,0,0,0,0,0,0,0,0,0,0,0,0,0,0,0,0,0,0,0,0,0,0,0,0,0,0,0,0,0,0,0,0,0,0,0,0,0,0,0,0,0,0,0,0,0,0,0,0,0,0,0,0,0,0,0,0,0,0,0,0,0,0,0,0,0,0,0,0,0,0,0,0,0,0,0,0,0,0,0,0,0,0,0,0,0,0,0,0,0,0,0,0,0,0,0,0,0,0,0,0,0,0,0,0,0,0,0,0,0,0,15,5,10,10,15,15,15,15,5,10,15,-15,10,15,15,-10,0,-15,-10,-15,15,-15,0,-15,-15,15,0,-15,5,15,10,-15,5,15,15,15,-15,15,15,15,5,5,10,-5,-15,-15,0,-15,-5,5,15,-15,10,-10,5,15,-15,-10,10,0,-5,10,-5,10,0,15,15,0,-10,5,10,0,0,15,10,-5,0,0,-15,15,-15,5,15,0,-15,-10,15,10,0,15,-5,15,-10,15,-10,15,-10,15,-15,-10,15,0,-15,5,-15,10,-15,10,5,10,10,-15,-5,5,15,15,-10,10,5,0,-5,0,-5,0.5089,0.0017,0.0008
Beatrix,10,10,0,5,0,0,0,0,0,15,15,0,0,0,0,0,0,0,0,0,-15,-15,0,0,0,0,0,-15,-15,0,10,5,15,0,0,0,0,0,0,15,0,0,15,0,0,-15,0,0,0,-15,0,0,0,0,0,0,0,-15,-15,0,15,0,0,0,0,0,0,0,0,15,0,0,15,-15,0,-15,0,0,0,15,0,15,0,10,-15,15,0,-15,-15,15,0,-15,0,0,0,0,0,0,-15,0,0,0,0,0,0,0,15,5,15,0,10,15,15,15,-15,0,15,0,0,15,0,0,0,0,15,15,15,15,15,15,15,-15,15,15,15,10,15,15,15,15,0,10,15,15,10,15,10,10,10,10,15,15,15,15,15,15,15,15,10,10,15,15,15,-5,10,-5,-15,15,10,-10,-5,15,-15,-15,0,15,10,-10,10,15,15,10,5,-10,5,15,-5,10,0,10,10,-15,10,5,5,-10,-15,-5,15,-10,-5,10,-5,-15,-15,0,-15,5,15,5,-10,5,15,-10,15,15,-10,-5,0,-5,0,-5,10,-5,15,-5,5,10,5,-15,0,-10,-5,15,5,-10,15,0,-5,5,0,-15,15,-5,-15,-5,0.472,0.0047,0.0011
Belerick,10,-15,10,15,15,15,-5,0,15,-15,0,15,15,0,0,0,0,0,0,15,0,0,15,15,0,0,0,0,0,0,-15,0,0,15,-15,0,0,-15,-15,-15,0,15,-15,0,10,0,-15,15,0,15,15,0,0,0,0,-15,-15,15,15,-15,-15,0,0,-15,15,0,15,0,15,-15,15,0,15,0,15,0,15,-15,15,15,15,15,0,-15,15,-15,15,15,0,0,-15,15,15,0,15,10,0,0,0,-15,10,10,-15,-15,0,0,15,0,-15,0,15,15,15,15,10,15,15,0,0,15,0,0,0,15,10,15,5,15,15,15,15,15,10,15,-15,10,-10,-15,-15,-15,0,0,15,15,-10,-15,-15,-15,15,-15,15,10,15,-15,-15,10,5,10,15,5,-15,10,10,10,5,-5,-15,10,-15,5,-10,15,-10,5,5,15,5,10,-10,15,0,15,5,10,-5,-5,0,-10,0,-10,-5,0,5,0,-5,-5,-15,-5,15,0,-15,-10,10,10,5,0,10,15,-15,-5,-10,15,15,-15,10,15,-15,5,15,10,15,-5,-10,-5,10,5,0,15,10,-10,0,-5,0,15,5,-15,-5,-10,5,15,10,0,15,0,-5,15,0.5256,0.0068,0.0111
Benedetta,10,10,-10,0,10,0,10,-15,-15,15,-15,15,-15,0,0,0,0,0,15,0,0,0,15,0,0,-15,-15,0,0,0,0,-15,-15,-15,0,0,0,0,0,0,0,-15,-15,0,0,0,0,0,0,0,0,0,0,0,0,0,0,0,0,-15,15,0,0,0,15,0,0,0,-15,15,0,0,-15,0,0,0,0,15,0,10,0,15,-15,10,0,15,-15,0,0,10,0,0,0,0,0,-15,0,-15,0,10,0,-15,0,0,-15,-15,-15,-15,15,-15,0,0,0,15,0,-15,15,0,0,-15,0,0,-15,10,15,15,-15,10,10,15,15,15,15,15,10,10,0,10,15,-15,15,5,0,15,10,-15,15,15,10,-15,15,15,15,15,-15,15,10,15,15,-15,15,15,15,0,15,-15,-15,15,0,15,-10,10,5,-15,15,-10,-10,-10,-5,5,-5,15,0,-10,-5,-15,0,5,0,5,15,10,5,0,-15,-15,-10,0,15,5,-10,15,5,15,0,-5,0,5,0,0,-5,10,-10,-5,15,10,-15,5,0,15,0,-15,0,15,-5,5,10,0,10,15,-10,-5,-10,10,15,-10,-10,-5,15,0,-10,-10,10,10,5,-5,0.539,0.0052,0.0052
Brody,10,10,0,10,0,0,0,0,0,0,15,15,0,0,0,0,0,-15,0,0,0,-15,0,0,0,0,0,-15,-15,0,0,5,15,0,0,0,0,0,0,15,5,0,5,0,0,0,0,15,0,-15,0,0,0,0,0,0,0,-15,-15,0,15,0,0,0,0,0,0,-15,15,0,0,0,10,-15,0,-15,0,15,0,10,0,15,0,0,-15,15,0,-15,-15,0,0,-15,0,0,0,5,5,0,-15,0,0,15,0,0,0,0,15,0,15,0,0,15,15,15,-15,0,15,0,0,15,0,0,0,5,10,10,5,10,15,15,15,15,15,15,5,10,-15,15,5,15,0,15,10,0,15,15,5,5,15,10,-5,15,15,10,10,15,15,15,10,15,15,15,15,-10,-15,0,0,10,10,15,-10,0,10,15,10,15,15,-10,10,5,5,-10,-10,-5,10,10,-5,10,10,5,0,15,10,-5,15,0,-10,10,10,-5,10,-10,0,10,-5,-15,15,0,0,15,-15,0,0,15,-5,0,0,-15,-15,-15,0,10,5,-15,-15,5,-5,10,-5,15,5,-5,0,5,0,0,-10,5,0,-5,-10,0,-15,15,-5,-5,0.5199,0.009,0.0054
Bruno,10,10,0,0,0,0,0,0,0,0,15,0,0,0,0,0,0,-15,0,0,-15,0,0,0,0,0,0,-15,-15,0,0,0,15,0,0,0,0,0,0,15,10,0,15,0,0,0,10,10,0,-15,0,0,0,0,0,0,0,-15,-15,0,0,0,0,0,0,0,0,0,0,15,0,10,0,-15,0,-15,0,10,0,10,0,15,0,0,-15,15,0,-15,-15,0,0,-15,0,0,0,15,0,0,-15,5,0,0,0,0,0,0,10,0,15,0,5,5,5,15,-15,0,15,0,0,0,0,0,0,5,10,15,15,10,15,15,15,15,15,15,5,10,5,15,15,15,0,15,10,15,0,15,5,5,15,15,15,15,15,15,15,15,15,15,10,10,15,15,15,15,-15,-15,-5,-15,-10,10,-15,-10,-15,-15,5,15,-15,15,0,-10,-5,0,5,-10,15,5,10,-5,-15,10,15,-15,0,-5,0,-5,-10,-5,-15,10,-5,15,-5,-15,-10,-10,-5,-5,0,-15,-10,0,-15,0,0,-10,-10,10,-10,0,0,0,15,5,10,-15,0,5,0,-15,5,-10,-10,-15,-5,15,-5,-5,10,-5,0,10,10,-5,15,-5,0.5125,0.0075,0.0022
Carmilla,10,10,10,0,5,0,0,0,0,15,0,15,0,0,0,0,0,0,15,15,0,0,0,15,0,0,0,10,0,0,-15,0,10,10,0,0,0,-15,-15,-15,10,10,0,0,10,0,-15,15,0,15,0,0,0,0,0,-15,-15,10,10,0,-15,10,0,-15,10,0,0,0,10,-15,10,10,10,0,0,0,0,-15,0,10,10,15,0,-15,10,-15,0,10,0,0,-15,0,0,0,0,0,0,0,0,0,0,0,-15,-15,0,0,15,0,-15,0,0,0,15,15,0,0,0,0,0,15,0,0,0,10,5,5,-15,15,10,0,10,10,-15,-15,-15,-15,15,-15,-15,-15,-15,-15,-15,15,-10,0,-15,-15,-15,-15,-15,-10,-15,-15,0,-15,-15,-15,-15,-15,15,-15,-15,-5,10,-10,10,5,-5,-10,-5,-10,0,0,-10,15,-10,-5,5,-15,-5,-5,-5,10,-15,-10,10,5,-5,-10,-10,-10,10,-5,10,5,5,-15,5,-15,10,10,10,-10,0,5,0,10,10,-5,-5,-5,10,-5,10,-15,-5,15,-10,-5,-5,-10,10,10,15,-15,0,10,0,5,10,0,15,10,10,0,-5,15,0,-10,-10,-10,15,15,15,15,0.5191,0.001,0.0011
Cecilion,10,10,0,0,5,0,10,0,0,15,0,-15,0,0,0,0,0,0,15,0,0,0,15,0,-15,0,0,0,0,0,0,0,0,0,0,-15,0,0,0,0,10,0,15,0,-15,0,10,10,0,5,0,-15,-15,0,0,0,10,0,0,0,0,0,0,-15,-15,0,0,0,0,30,0,0,10,0,0,0,0,15,-15,-15,-15,15,0,0,0,15,0,0,0,-15,0,0,0,0,0,0,0,0,0,0,0,0,0,0,0,0,15,15,15,0,-15,-15,-15,-15,0,0,-15,0,0,0,-15,-15,0,0,10,15,10,10,5,15,15,5,10,15,15,10,10,15,15,15,15,15,-15,15,15,15,0,10,10,15,-5,15,15,15,15,10,10,15,5,-15,15,15,10,5,-10,0,-15,-5,-5,15,0,-5,-10,15,-15,-15,5,-5,0,10,-10,10,-15,15,5,5,-10,-15,-5,-10,10,5,5,5,15,-15,15,0,10,10,-15,10,5,-5,5,5,5,-10,0,5,10,-10,-15,15,-15,5,-10,15,-10,0,0,5,-15,15,0,-15,0,-10,0,-10,-5,-15,-5,15,5,10,15,-5,-15,10,-15,-10,-10,-5,-5,-10,0.4825,0.0074,0.0018
Chang’e,10,10,0,0,5,0,0,0,0,0,0,-15,0,0,0,0,0,0,0,0,0,0,0,-15,0,0,0,0,0,-15,0,0,0,0,0,-15,0,0,0,15,10,0,10,0,-15,0,10,0,0,0,0,-15,-15,0,0,0,15,0,0,0,0,0,0,-15,-15,0,0,0,10,15,0,0,0,0,0,0,0,15,-15,-15,-15,15,0,0,0,10,0,0,0,-15,0,0,0,-15,-15,0,-15,0,0,0,0,0,0,0,0,0,0,0,15,0,-15,-15,-15,-15,0,0,0,0,0,10,-15,-15,0,0,5,-15,-15,10,15,15,15,15,15,15,15,10,10,15,15,15,15,15,-15,15,15,15,0,0,10,15,-15,15,15,0,15,15,-5,15,5,-15,15,15,15,-15,15,-10,0,5,-15,0,10,-15,0,10,10,5,5,-5,0,-15,0,15,15,15,-10,10,10,0,-10,15,0,10,-15,-10,0,15,-5,-15,-10,5,0,0,5,-10,-5,0,-10,15,-5,-10,-5,-15,10,0,-15,15,0,10,10,5,-5,-5,-15,-15,5,-15,15,15,-15,0,-10,-15,0,15,-10,-15,0,0,-10,10,0,-5,15,0,10,-10,0.4918,0.0133,0.0106
Chou,10,0,10,0,5,10,5,0,0,0,0,0,0,0,0,0,0,0,0,-15,0,0,0,0,0,0,0,0,0,0,0,0,0,0,0,0,0,0,0,0,0,0,0,0,0,0,0,0,0,0,0,0,0,0,0,0,0,0,0,0,0,0,0,0,0,0,0,0,0,0,0,0,0,0,0,0,0,0,0,0,0,0,0,0,0,0,0,0,0,0,0,0,0,0,0,0,0,0,0,0,0,0,0,0,0,0,0,0,0,0,0,0,0,0,0,0,0,0,0,0,0,0,0,10,-15,15,5,15,15,15,15,15,10,15,15,10,0,15,-15,5,15,-15,10,15,15,15,15,15,0,10,15,15,15,-15,10,0,10,15,15,15,15,15,15,-5,-15,5,5,15,15,0,10,10,5,15,-15,5,-5,5,10,-15,-10,5,10,-15,-15,15,-10,0,0,5,10,10,0,10,0,-10,-5,5,5,15,-15,10,-15,0,0,15,-15,-10,-5,-5,5,5,15,0,-15,5,-5,10,-15,15,5,-5,-10,-15,-15,5,10,15,-10,0,5,-5,-10,-15,5,5,5,-15,10,-15,-5,-5,0,0,-5,5,0.4483,0.0099,0.009
Cici,10,10,-10,-10,10,0,15,-15,-15,0,-15,0,0,0,0,0,0,0,0,-15,0,0,0,0,0,0,0,0,0,0,0,0,0,0,0,0,0,0,0,0,-15,-15,0,0,0,0,0,5,0,0,0,0,0,0,0,0,0,0,0,-15,0,0,0,0,0,0,0,0,-15,0,0,0,0,0,0,0,0,5,0,10,0,5,0,15,0,10,-15,0,0,0,0,0,0,0,0,0,0,-15,0,0,0,0,0,0,-15,-15,-15,-15,5,0,5,5,5,5,0,-15,15,0,0,-15,0,0,-15,-15,0,15,-15,15,15,15,15,15,15,15,15,15,15,15,-15,10,15,-15,15,15,15,15,15,15,10,0,15,15,10,-15,10,15,15,15,15,-15,15,15,15,-5,-5,5,5,-10,-10,10,5,10,15,15,-10,-5,15,-10,-10,-10,-10,0,15,-5,5,-15,5,15,10,-15,-5,10,0,5,0,10,0,-5,5,15,-5,-15,15,15,10,15,5,-10,-5,15,-10,5,5,5,5,-15,15,5,15,15,0,-10,15,-15,-5,5,10,5,5,0,-5,10,15,-10,-5,0,15,5,5,10,5,15,0,-5,-10,-5,0.5046,0.0128,0.2285
Claude,10,0,0,10,0,0,15,0,0,15,0,15,0,0,0,0,0,-15,0,0,-15,-15,10,0,0,0,0,0,-15,0,15,0,0,0,0,0,0,0,0,0,10,10,10,10,0,-15,10,10,0,-15,0,0,0,0,0,0,5,-15,-15,0,5,0,0,5,5,0,15,0,5,15,0,0,10,-15,0,-15,0,10,0,10,0,15,0,0,-15,15,0,-15,-15,0,0,-15,0,0,0,0,0,0,-15,0,0,0,0,0,0,0,10,0,15,0,10,10,10,10,-15,0,15,0,0,0,-15,-15,0,-15,5,15,10,15,15,15,15,10,15,15,15,15,10,5,15,15,15,15,15,15,0,15,15,15,-15,15,0,-10,15,-15,15,15,15,15,15,0,15,15,10,10,10,-15,15,10,10,15,-5,-10,-5,-5,-15,15,10,15,10,-15,0,-5,-10,15,-5,15,-15,-15,-5,-15,-10,-10,15,5,-5,5,-10,-10,-10,5,-5,0,-15,10,15,15,0,-5,15,-10,15,10,0,0,5,-15,0,15,0,5,15,5,10,15,-10,-15,5,0,0,0,15,15,-15,0,-10,15,10,5,0,-15,5,-10,-10,-10,-5,0,0.5199,0.0167,0.0105
Clint,10,10,0,0,0,0,0,0,0,0,0,0,0,0,0,0,0,-15,0,0,-15,-15,0,0,0,0,0,-15,0,0,0,0,0,0,0,0,0,0,0,0,15,0,15,0,0,-15,0,0,0,-15,0,0,0,0,0,0,0,-15,-15,0,10,0,0,0,0,0,0,0,10,15,0,0,0,-15,0,-15,0,10,0,10,0,15,0,0,0,15,5,0,0,0,0,-15,0,0,0,0,0,0,-15,0,0,0,0,0,0,0,0,0,15,0,0,0,10,15,-15,0,10,0,0,10,0,0,0,0,10,15,10,15,5,15,15,10,-15,15,15,5,10,10,10,15,15,15,15,15,0,15,10,10,-15,15,15,0,15,15,15,15,15,15,15,-15,15,15,15,10,5,-15,15,15,5,0,5,15,10,-5,-5,-5,0,-5,-10,10,0,10,-10,10,15,10,15,15,-5,-10,10,15,-15,-15,5,5,-5,10,15,10,5,-5,0,0,-5,5,15,15,0,5,5,-15,-10,-5,-15,-15,-10,-10,-15,-5,5,0,-15,10,-10,5,0,5,-10,-15,0,-15,15,-15,0,-15,10,0,15,0,-10,0,0,0,-15,-10,0.5075,0.0071,0.0015
Cyclops,10,10,0,-15,0,0,15,0,0,0,0,-15,0,0,0,0,0,0,0,0,0,0,0,0,-15,0,0,0,0,0,15,0,0,0,0,0,0,0,0,0,0,0,0,0,0,0,0,0,0,0,0,0,0,0,0,0,0,0,0,0,0,0,0,0,0,0,0,0,0,15,0,0,0,0,0,0,0,15,0,0,0,0,0,0,0,15,0,0,0,0,0,0,0,0,0,0,0,0,0,15,0,0,0,0,0,0,0,0,0,0,0,0,0,0,0,0,0,0,0,0,0,0,0,5,10,5,15,15,10,15,15,15,10,15,15,10,10,15,15,10,15,10,15,15,5,15,15,15,-15,15,15,15,0,-10,15,15,15,15,15,15,15,15,15,0,5,5,10,0,10,0,-5,-5,15,-10,-5,5,-5,-15,15,-5,-10,-15,-15,-10,0,15,10,10,15,0,-5,-5,-15,-15,-5,10,-10,-10,-10,10,-5,15,15,-5,-10,15,-5,-10,0,-15,10,15,-5,5,5,5,15,15,-15,15,10,5,10,-5,5,15,0,5,10,-5,0,0,-10,-10,10,15,15,-10,15,-10,-10,10,0,-10,-15,0,0.5021,0.0068,0.002
Diggie,15,-15,10,10,10,10,-10,0,0,-15,10,0,0,0,0,0,0,10,-15,0,0,0,-15,0,0,0,0,15,0,15,0,0,0,0,-15,0,0,-15,-15,-15,0,0,-15,-15,0,0,-15,0,0,0,0,0,0,0,0,-15,-15,0,0,0,-15,0,0,0,0,-15,0,0,0,-15,0,0,0,0,0,0,0,-15,0,0,0,0,0,0,0,-15,0,0,0,0,-15,0,0,0,0,0,0,0,0,-15,0,0,-15,-15,0,0,0,0,-15,0,0,0,0,15,0,0,0,0,0,0,0,0,0,15,15,15,5,15,15,0,15,15,15,15,15,15,10,15,15,5,-15,15,15,15,15,-15,15,15,10,15,15,10,5,0,15,15,-15,0,15,15,-15,0,15,5,0,0,10,0,10,10,5,0,10,5,-5,15,-10,15,15,-15,5,-5,10,0,10,-15,5,-5,-5,0,-15,5,15,-15,0,-15,5,5,15,10,5,-10,-10,10,-15,-5,0,15,-15,5,5,10,10,0,0,15,-15,10,15,-15,-10,5,15,15,-10,0,-15,0,-10,-5,-10,-10,0,-5,-5,-15,15,5,15,-15,-15,15,-15,-15,0,5,0.5366,0.0049,0.3492
Dyrroth,10,10,-10,0,0,0,0,-15,-15,0,-15,0,-15,0,0,15,0,5,0,-15,5,0,0,0,0,0,0,0,0,0,0,0,15,0,0,0,0,0,0,15,0,0,0,0,0,0,0,0,0,0,0,0,0,0,0,0,0,0,0,0,0,0,0,0,0,15,0,0,0,0,0,0,0,0,0,0,0,0,0,0,0,0,0,0,0,0,0,0,0,0,0,0,0,0,0,0,0,0,0,0,0,0,0,0,0,0,0,0,0,0,0,0,15,0,0,0,0,0,0,0,0,0,0,10,-15,15,15,15,15,15,15,15,15,15,-15,15,15,15,15,15,15,15,15,15,10,15,15,15,15,15,15,15,15,15,0,15,15,15,15,10,15,15,15,-5,15,-15,-10,15,-10,0,-5,-5,10,0,-5,5,-15,10,-15,-15,0,-5,-10,-5,-10,-5,10,0,-5,-15,10,10,-10,15,-5,0,15,-15,-5,-10,0,15,-5,-15,15,-5,10,15,-15,10,10,15,5,-10,-15,10,15,-15,10,-10,5,0,15,-10,-15,5,5,-5,-5,-10,15,10,10,-15,-15,15,-5,15,10,-10,0,10,10,5,5,-10,0.4769,0.0255,0.0335
Edith,15,5,5,10,10,10,0,-15,10,-15,0,0,0,0,0,5,0,15,0,-15,15,15,10,0,0,0,0,0,0,0,0,15,0,0,0,0,0,0,0,0,0,15,0,0,0,0,0,15,0,0,0,0,0,0,0,0,0,0,0,0,0,0,0,0,0,0,0,0,0,0,0,0,0,0,0,0,0,0,0,0,0,15,0,0,0,0,15,0,0,0,0,0,0,0,0,15,0,0,0,0,0,0,0,0,0,0,15,0,0,0,0,0,0,15,0,0,0,0,0,0,0,0,0,10,5,15,5,15,15,15,15,15,15,15,-10,15,15,15,-15,-15,15,5,10,15,5,5,15,15,15,-10,15,15,15,-15,10,0,-15,15,15,0,15,15,15,-10,-10,-10,15,-10,-10,-5,15,5,-15,0,0,10,15,0,-5,-5,-5,10,10,10,-15,5,-5,10,15,0,10,5,15,-5,5,-5,-15,10,-10,-15,-10,10,0,5,-15,-10,-10,-15,-15,-10,-15,-10,5,-15,-15,-10,10,-5,10,5,-15,5,-10,10,10,10,-10,-15,-10,0,-5,-10,15,-15,-10,10,-5,0,0,5,-15,-10,0,0,-5,0,0.5134,0.0032,0.0011
Esmeralda,5,5,0,5,0,0,15,-15,-15,15,-15,15,-15,0,0,0,0,0,15,-15,0,0,10,0,0,0,0,0,0,0,0,0,0,0,10,0,0,10,10,0,0,0,0,0,0,0,0,0,0,0,0,0,0,0,0,0,0,0,0,0,0,0,0,0,0,0,0,0,0,0,0,0,0,0,0,0,0,0,0,0,0,15,0,0,0,10,0,0,0,0,0,0,0,0,0,0,0,0,0,15,0,0,0,0,0,0,0,0,15,0,0,0,0,15,0,0,0,0,0,0,0,0,0,15,10,15,-15,10,15,15,-10,-10,15,-15,-10,10,10,10,-15,-10,-15,-15,-15,-15,-15,-15,15,15,0,-15,-15,5,0,10,-15,-10,0,0,15,-15,0,0,-15,5,15,15,0,10,-5,5,-5,15,5,0,15,15,15,15,-10,15,15,15,-10,0,5,5,0,-10,-10,-15,-15,-10,-10,5,-5,10,-5,15,15,-5,-15,-5,-5,0,0,5,5,-15,-10,-10,5,15,0,-5,-15,15,15,15,-15,-5,10,-10,10,15,0,-5,15,-15,0,10,15,-15,-5,10,-15,15,10,15,-15,-15,-15,-15,-5,-5,-5,-10,0.4603,0.0037,0.0013
Estes,10,10,10,10,10,5,-10,-15,0,-15,0,0,0,0,0,15,0,0,-15,0,0,0,0,0,0,0,0,0,0,0,-15,0,0,10,0,0,0,0,0,0,0,0,0,0,0,0,-15,0,0,0,0,0,0,0,0,-15,-15,0,0,0,-15,0,0,-15,0,0,0,0,10,-15,0,0,0,0,0,0,0,-15,0,0,0,15,-15,-15,0,-15,0,0,0,0,0,0,0,0,0,0,0,0,0,-15,0,10,-15,-15,0,0,15,0,-15,15,0,0,0,0,0,0,0,0,0,15,0,0,0,-15,-15,10,-15,-15,-15,-15,-15,15,-15,5,-15,15,15,15,5,-15,-15,10,-15,15,-15,-15,-15,-15,15,0,-15,-10,15,15,15,-15,-15,0,-15,-15,-15,-15,15,10,10,-15,-15,-5,10,-10,10,-5,0,0,5,10,10,-15,0,-10,10,-10,15,0,5,10,10,-5,-15,-15,5,15,5,-5,-10,15,-10,15,0,15,15,10,0,-10,0,-10,-5,-5,-5,0,0,15,0,-10,-5,5,-15,-5,10,15,10,10,-15,10,10,-5,-10,10,-5,5,-15,10,5,5,10,-10,-10,0,5,5,-5,-15,15,5,-15,0,0.496,0.0078,0.3443
Eudora,5,10,0,0,5,0,0,0,0,0,0,-15,0,0,0,0,0,0,0,0,0,0,0,-15,-15,0,0,0,0,0,0,0,0,0,0,0,0,0,0,0,0,0,0,0,-15,0,0,0,0,0,0,-15,-15,0,0,0,0,0,0,0,0,0,0,0,-15,10,0,0,0,0,0,0,0,0,0,0,0,0,-15,-15,-15,0,0,0,0,0,0,0,0,-15,0,0,0,-15,-15,0,-15,0,0,0,0,0,-15,-15,0,0,0,0,10,0,-15,-15,-15,-15,0,0,0,0,0,0,-15,0,0,10,5,5,10,15,5,15,5,15,-15,15,15,10,5,15,0,-15,15,-15,10,15,15,10,15,15,10,15,15,15,15,10,15,15,15,15,0,5,15,15,15,0,10,-10,5,5,15,0,-15,10,10,0,-10,5,-15,0,-15,-10,-15,-10,5,15,5,0,-10,0,-10,15,-5,-10,5,-10,-5,-15,10,-15,0,-10,-15,-15,0,-10,-15,5,10,5,5,0,15,-10,5,5,-10,0,-5,0,10,0,15,10,15,10,5,0,10,5,5,15,-5,15,-5,5,5,-15,0,-10,0,10,10,-10,0,-5,-15,5,0.4679,0.0074,0.0068
Fanny,-15,15,0,0,0,-10,0,0,0,0,0,5,0,0,0,-15,0,0,0,0,0,0,0,0,0,0,0,0,0,0,0,0,0,0,0,0,0,0,0,0,0,0,15,15,0,0,0,0,-15,0,-15,0,0,-15,-15,0,10,0,0,0,10,0,0,0,0,0,-15,0,0,15,0,-15,0,0,0,0,-15,0,0,0,0,0,0,0,0,15,0,0,0,0,-15,0,-15,0,0,0,0,0,0,-15,-15,15,-15,-15,0,0,15,0,0,0,0,0,5,10,0,0,0,0,0,15,0,0,0,10,-15,15,5,15,10,15,15,15,10,15,15,-10,15,10,-15,15,15,-15,15,10,15,10,15,15,-15,10,15,15,15,15,15,-15,0,15,15,0,15,15,-10,-10,-10,15,0,-10,0,10,-10,0,15,5,15,-10,10,10,-5,0,0,-15,15,5,-15,0,-5,5,0,-5,10,10,-5,-5,15,15,-5,-10,-5,10,0,10,15,0,-5,5,-15,-10,-5,-15,15,10,0,-5,-15,5,0,10,-10,0,-5,-5,0,15,-10,-5,-10,5,10,-5,10,10,5,5,15,15,0,5,-15,-5,-15,5,5,-15,10,0,0.4766,0.0055,0.0906
Faramis,10,10,10,10,15,10,-10,0,0,0,15,0,0,0,0,15,0,0,-15,0,0,0,-15,0,0,0,0,0,0,0,-15,0,0,10,0,0,0,0,-15,-15,10,10,0,0,0,0,-15,5,-5,0,-5,0,0,0,0,0,-15,0,0,0,-15,0,0,-15,0,-15,0,0,0,-15,0,0,5,0,0,0,0,-15,0,5,10,5,0,-5,0,-15,0,0,0,0,-15,0,0,-5,0,0,0,5,0,-15,0,5,-15,-15,0,0,5,0,-15,0,0,0,0,5,0,0,0,0,0,10,0,0,0,15,0,15,-15,15,10,15,0,10,15,15,-15,15,15,-15,-15,-15,10,-15,-15,15,10,5,5,5,15,5,10,10,5,10,10,10,-15,5,10,0,0,5,10,-10,15,-10,-15,0,-5,-15,5,-5,0,-10,5,5,0,5,10,-5,15,15,10,15,10,15,5,15,-15,0,5,15,-10,5,10,15,-15,-15,0,-15,0,5,5,15,10,10,0,5,5,10,15,5,15,15,0,5,-10,0,-10,5,0,-15,-10,0,0,10,-5,-5,-10,10,15,10,0,-10,0,15,-5,15,-15,-5,0,0,-10,0,10,10,0.5157,0.0026,0.0148
Floryn,5,0,10,10,15,5,-10,0,0,-15,0,0,0,0,0,0,0,0,-15,0,0,0,-15,0,0,0,0,0,0,0,-15,0,0,10,0,0,0,-15,0,-15,10,5,0,5,0,-10,0,5,-5,0,-5,5,-5,0,0,5,-15,0,0,0,-15,5,0,0,0,-15,0,0,0,-15,-5,0,0,0,0,0,0,-15,0,0,0,0,0,-10,0,-15,0,0,0,0,-10,0,0,0,0,0,0,0,0,-15,0,0,0,-15,0,0,10,0,-15,10,0,0,0,0,0,0,0,0,0,10,0,0,0,-15,-15,5,-15,-15,-10,-15,-15,-15,15,15,-15,15,10,-15,5,-15,-15,15,-15,15,-15,-15,-15,-15,-15,10,-15,-15,15,-15,15,-15,-15,-15,-15,-15,-15,0,-15,-15,10,-15,0,-5,5,15,15,0,10,-10,-15,5,-10,-5,0,-15,-15,15,15,-10,15,-5,-10,5,15,5,0,0,5,-10,10,15,10,0,5,0,5,10,10,5,5,-5,5,-5,15,5,15,-10,10,15,5,0,5,5,-10,10,10,0,-5,5,5,-5,-10,-5,5,-15,-15,-5,0,0,-5,-5,-5,10,10,10,-10,5,5,10,15,-5,0.5477,0.0032,0.0119
Franco,15,0,10,0,15,10,-10,15,0,-15,0,0,0,0,0,0,0,15,-15,0,15,15,-15,0,15,0,0,0,0,0,-15,15,0,0,0,0,0,-15,-15,0,-15,0,-15,0,0,5,-15,0,0,5,0,0,10,0,0,0,-15,0,-5,0,-15,-5,0,0,0,-5,-5,0,0,-15,0,0,0,0,0,0,0,0,0,5,0,-15,0,-10,0,-15,0,0,0,0,-15,0,0,0,0,0,0,0,0,-15,0,0,0,-15,0,0,0,0,0,0,0,0,0,0,0,0,0,0,0,0,0,0,0,15,-15,15,10,15,15,15,15,15,15,15,15,15,15,15,15,5,15,-15,15,15,15,10,15,15,15,15,15,15,10,15,15,15,15,10,10,15,10,10,0,-5,-15,10,-10,15,5,5,-10,-15,-5,10,-10,-10,10,15,0,-10,0,-10,-15,-5,10,-10,5,10,-10,-15,-15,5,5,-15,0,-5,15,15,15,0,-10,-5,15,-10,0,5,15,-15,5,0,-10,5,-15,-15,-5,-5,-10,15,-15,5,0,5,10,-10,-10,15,-5,0,-5,0,-10,10,0,-10,5,5,10,-15,-10,-10,15,-5,-10,15,0,-10,0.4584,0.0215,0.0499
Fredrinn,-10,0,-10,0,10,0,15,5,15,5,15,15,10,0,0,-15,0,0,0,0,5,10,10,10,10,0,-15,10,15,0,0,0,0,0,0,0,0,10,10,-15,0,10,5,5,5,-5,5,5,0,0,-5,0,5,0,0,5,5,0,5,0,0,-5,0,10,10,0,-5,0,0,0,0,-5,0,0,-5,0,-5,0,0,0,10,-5,0,15,0,0,10,0,0,0,0,0,0,0,0,0,0,0,0,10,0,0,0,0,0,0,0,0,0,0,0,0,10,5,5,0,5,0,0,0,10,0,0,15,-15,15,-15,15,15,10,10,15,10,15,-15,10,15,15,10,-15,5,-15,15,15,10,10,-15,-15,0,15,5,15,0,-15,-15,15,15,10,10,-15,15,10,15,0,-5,15,10,15,-10,15,5,15,10,15,0,-5,5,15,10,-15,10,-15,-5,10,-10,-10,0,-15,-5,-5,5,5,-15,-5,-5,0,5,-5,-10,10,15,5,15,5,-15,-5,5,0,5,-5,10,15,0,10,5,0,0,-10,0,0,-10,10,10,5,-5,-5,15,15,10,5,15,5,10,5,-10,15,10,-5,5,-15,0,5,10,-5,-10,5,0.4991,0.0092,0.0112
Freya,0,10,-10,0,10,10,10,-15,-15,15,-15,15,-15,0,0,15,0,0,15,-15,0,0,10,0,0,0,-15,10,0,0,0,0,15,0,0,0,0,10,5,0,10,0,5,0,0,0,5,0,0,5,0,0,0,0,0,5,5,0,0,10,10,0,0,0,0,0,0,0,0,10,0,0,0,0,0,0,0,5,0,0,10,5,0,0,0,10,10,0,0,0,0,0,0,0,0,0,0,0,0,0,0,0,5,0,0,0,5,0,15,0,0,0,10,0,0,0,0,0,-10,0,0,0,0,15,-15,15,-10,15,15,15,10,15,-15,15,-15,10,15,15,15,-15,15,-15,15,15,15,15,5,5,15,15,5,15,15,-15,-15,15,0,10,15,15,15,10,15,-5,0,10,5,15,-5,0,-5,10,10,-5,15,15,-15,0,15,-10,5,5,-5,-15,10,-10,0,-5,5,15,0,-10,10,-10,15,-10,10,-15,5,-15,10,-15,10,10,5,-15,0,0,10,5,-5,-15,-5,0,5,-10,-15,-15,-10,5,-10,15,-10,-15,5,-10,5,-10,-15,15,5,-10,0,-10,10,-5,0,10,-10,15,10,15,-10,-10,10,5,0.5031,0.0047,0.0064
Gatotkaca,15,0,10,10,10,10,-5,5,0,-15,0,15,0,0,0,15,0,15,-15,-15,5,15,0,15,10,0,0,10,15,0,-15,0,0,0,0,0,15,0,0,-15,5,5,0,0,10,0,-5,10,0,0,0,0,0,0,5,-5,0,0,0,0,0,0,0,5,5,-5,5,0,0,-5,-10,0,0,0,0,0,0,-5,0,0,0,0,0,-5,0,-5,0,0,0,0,-5,10,0,0,10,0,0,0,0,-5,0,5,0,0,0,0,5,0,-5,0,0,0,0,0,5,0,0,0,0,0,0,0,0,15,0,15,-15,15,15,10,10,15,-15,15,-15,10,15,15,-15,-15,15,-15,-15,15,15,-15,15,15,5,10,10,15,10,-15,-15,15,15,5,15,10,15,5,15,5,-10,0,0,-5,-10,-5,-5,5,0,-10,5,5,15,0,-5,10,-15,-10,-10,-5,5,5,-10,-10,-15,-10,-10,10,10,10,-15,15,15,10,0,10,10,-15,0,-10,-15,15,10,-5,-5,-15,-5,-5,5,0,0,0,-5,5,-10,10,10,10,-15,-5,-15,-15,10,15,-15,10,-5,5,0,10,10,-15,15,-10,0,5,0,-15,0,-5,0,-15,0.5085,0.0135,0.0092
Gloo,10,0,10,10,0,10,0,0,0,-15,0,0,-15,0,0,15,0,0,0,0,0,0,0,0,0,0,0,10,0,0,-15,0,0,0,0,0,15,0,5,0,5,0,0,0,5,5,0,0,0,0,0,0,0,0,0,5,5,0,0,0,0,0,0,0,0,0,5,0,0,0,5,0,0,0,0,0,0,0,0,0,0,5,0,0,0,0,5,0,0,0,0,0,0,0,0,0,0,0,0,0,0,5,0,0,0,0,5,0,10,0,0,0,5,0,0,0,0,0,0,0,5,5,0,15,10,15,-15,10,15,15,15,15,15,-15,-15,15,15,10,-15,-15,-15,-15,-15,15,15,-15,15,15,15,15,-15,15,10,-15,15,-15,0,15,15,-15,-15,15,15,15,-5,15,0,5,10,15,0,5,5,0,-10,0,-15,15,10,0,10,-5,10,10,-15,-10,-15,10,-15,15,-10,15,15,-5,-15,-10,-10,0,10,10,0,-15,15,10,0,5,5,15,10,-5,0,0,-10,10,15,5,10,10,5,15,5,10,5,0,0,-10,15,-5,5,-5,-5,10,0,-5,5,-15,-5,-5,0,10,0,-5,-5,5,-10,-5,0.519,0.0008,0.0014
Gord,5,10,0,0,5,0,0,0,0,15,0,-15,0,0,0,15,0,0,10,0,0,0,10,-15,-15,0,0,0,0,0,0,0,0,0,0,-15,0,0,0,0,5,0,10,5,0,5,5,0,0,0,0,-5,0,0,0,5,5,0,0,0,5,0,0,0,-15,0,0,0,0,5,0,0,0,0,0,0,0,5,-10,-15,-15,0,0,0,0,5,5,0,0,-15,0,0,0,-15,-15,0,-15,0,0,0,0,10,0,0,0,0,5,0,15,0,0,0,0,-15,0,0,-15,0,0,0,-15,-15,0,5,5,-15,-15,-15,5,15,10,-15,0,15,10,-15,10,15,15,15,-15,15,-15,15,15,15,0,0,-15,-15,-15,15,15,-15,15,-10,-5,15,10,-15,15,15,10,10,0,5,15,0,15,5,0,-10,-5,10,10,0,-10,0,-5,15,-5,0,0,15,0,-15,-5,-5,5,15,0,-10,10,15,0,10,5,-15,-5,-15,-10,5,-10,-15,-10,15,5,10,-10,0,-5,10,-5,0,-15,10,-10,-10,-10,-5,-5,15,-5,-15,15,-10,5,-5,15,0,5,-5,-15,15,-15,-15,5,0,5,0,10,5,-10,-5,-15,0,0.5075,0.0081,0.003
Granger,5,5,5,0,0,0,10,0,0,0,0,0,0,0,0,0,0,-15,0,0,0,0,0,0,0,0,0,-15,-15,0,0,0,0,0,0,0,0,0,-10,5,-5,0,0,5,5,0,0,0,-10,0,-10,0,-5,-10,-10,5,0,0,0,0,0,-10,-10,5,5,5,-10,0,0,5,0,-10,0,0,-5,0,-10,5,0,0,0,-10,0,10,0,0,0,0,0,0,0,0,-10,0,0,0,0,0,0,10,-10,0,-5,0,0,0,0,0,0,0,0,0,5,5,0,0,0,-10,0,0,0,0,0,5,10,5,10,5,-15,15,15,5,15,15,-15,10,15,15,15,15,0,15,15,15,5,15,-10,-10,10,15,0,15,15,10,15,15,15,15,15,-15,15,15,15,5,10,5,-15,-5,0,-5,5,-15,5,5,-15,-15,10,10,-10,5,-10,0,0,10,-5,-10,-15,-15,-10,0,5,10,0,10,-15,0,10,-15,-5,5,15,10,-15,5,10,0,15,-5,0,5,5,5,-15,10,-10,15,-5,15,-10,-5,15,5,10,-15,15,0,-5,5,-15,-15,5,-5,-10,0,0,0,0,-5,-10,15,0,0,0,-15,-15,-15,0.5144,0.0083,0.0031
Grock,15,-10,15,15,15,15,0,10,10,-15,0,15,15,0,0,15,0,0,-15,0,0,10,-15,10,10,0,0,10,0,0,-15,0,0,0,-15,0,0,-15,0,-15,5,5,-5,0,5,0,0,10,0,0,0,0,0,0,0,-5,-10,0,0,0,-15,0,0,5,0,0,5,0,0,-10,0,0,0,0,0,0,0,-10,0,0,0,5,0,-10,0,-10,5,0,0,0,-10,0,0,0,0,0,0,0,0,-10,0,0,0,0,0,0,5,-5,-5,0,0,0,0,0,0,0,0,0,0,5,0,0,0,10,5,10,-15,15,10,15,5,10,-15,15,-15,-10,5,10,-15,-15,-15,-15,-15,15,10,0,-15,-15,-15,-15,5,0,10,-15,-15,-15,-15,0,15,5,5,0,15,10,-10,10,-10,-5,-15,0,-15,-10,0,15,10,0,-15,5,-15,15,-5,-5,0,-10,5,5,-5,-5,0,0,-15,5,15,5,0,-5,15,0,15,-15,5,-5,5,15,-10,-10,0,-10,-10,15,0,-15,5,5,10,10,0,10,-10,-10,5,5,0,-10,10,-5,10,5,15,10,5,5,0,-15,-5,5,-15,-10,10,-10,-15,10,10,15,-10,-15,0.4848,0.0013,0.0004
Guinevere,5,5,0,5,10,5,10,-15,-15,15,-15,15,-15,0,0,15,0,0,15,0,15,10,15,10,0,0,5,10,0,0,0,0,15,0,0,0,0,5,5,0,5,0,10,0,0,0,10,0,0,0,0,0,0,0,0,0,0,0,0,5,5,0,0,10,0,0,0,0,0,10,0,0,0,0,0,0,0,0,0,0,0,5,0,0,10,10,0,0,0,0,0,0,0,0,0,5,0,0,0,0,0,0,5,0,0,0,10,0,10,0,0,0,0,0,0,0,0,0,0,5,0,0,5,15,-15,15,10,15,15,15,10,15,15,15,15,10,15,15,-15,5,15,5,-15,15,15,10,15,15,-15,10,15,15,15,-15,15,15,10,15,15,-15,15,15,15,10,-5,-15,-5,-10,-15,5,0,15,5,15,-15,10,-5,0,0,10,15,5,-15,-10,-5,5,10,15,-15,5,-15,-15,-10,10,5,15,10,-5,15,15,-5,-15,-10,10,10,-15,0,-10,-15,5,15,-15,10,10,15,-10,-10,10,5,-10,-15,15,-10,-10,5,10,0,5,-15,-5,10,-15,-15,-5,-10,5,-5,0,10,-5,-10,0,0,15,0,-15,0.481,0.0095,0.0291
Gusion,-15,5,0,0,-5,-10,5,-15,0,0,0,0,0,0,0,-15,0,0,0,0,0,0,0,0,0,0,0,0,0,0,0,0,0,0,0,0,-15,-5,-5,0,0,0,0,0,0,-10,0,0,0,0,-10,0,0,-15,-15,5,5,0,0,0,5,0,-5,5,5,0,-10,0,0,0,0,-10,0,0,0,0,-10,0,0,0,0,-10,0,0,0,0,0,0,0,0,-5,0,-10,0,0,0,0,0,0,0,-10,0,-10,0,0,0,0,0,10,0,0,0,0,0,0,0,0,-10,-5,0,0,0,-5,10,-15,5,15,15,15,15,15,15,-5,15,15,15,15,15,15,5,15,5,10,15,15,15,15,15,5,15,15,15,15,15,15,15,15,15,15,15,15,15,15,15,-15,15,-5,0,-10,15,5,0,5,-10,0,5,-5,15,-5,0,5,-5,-15,-15,0,-15,0,0,0,5,10,10,10,5,10,0,5,-10,-15,0,15,15,0,-5,0,-15,10,15,15,15,5,-5,5,5,-15,-5,10,0,5,5,0,0,5,-5,-5,-5,5,-15,5,5,-10,-15,10,10,5,-10,0,-10,15,-5,0,10,10,-15,15,-5,0.4775,0.007,0.0055
Hanabi,5,5,5,0,0,0,15,0,0,15,0,15,0,0,0,0,0,-15,15,0,-15,-15,15,5,0,0,0,-15,-15,0,0,0,0,0,0,0,0,0,0,5,0,5,0,0,0,0,0,0,0,0,0,0,0,0,0,0,0,-15,-15,0,10,0,0,0,0,0,0,-15,0,0,-5,0,0,-15,0,-15,0,0,0,0,0,0,0,0,-15,0,0,-15,-15,0,0,-10,0,0,0,0,0,0,-5,0,0,0,0,0,0,0,0,0,0,0,0,0,0,0,-15,0,0,0,0,0,0,0,0,-15,10,-10,5,10,10,15,10,-15,15,15,15,-10,15,15,15,15,0,10,-15,15,10,15,-15,-15,10,15,-15,0,10,5,5,15,-15,15,15,-15,15,15,15,15,-15,-10,-10,5,-10,-10,10,15,0,-5,10,5,5,10,-5,15,-5,-5,-15,15,15,15,-5,5,-5,0,-10,-10,0,-10,10,10,-15,-5,-10,10,-15,10,-10,-15,-10,10,-15,-15,15,10,-5,10,5,-5,-15,15,10,5,15,-15,0,0,5,5,5,-5,-5,-5,5,15,0,0,-10,0,10,15,5,10,-5,15,-5,0,-5,-10,-10,-10,0.4921,0.0286,0.0344
Hanzo,-15,0,0,0,-10,-10,5,0,0,15,0,0,0,0,0,-15,0,0,15,0,0,0,0,0,0,0,0,0,0,0,0,0,0,0,0,0,-15,-5,-5,0,-5,0,0,0,0,-10,0,0,-10,0,0,0,0,-15,-15,5,5,0,0,0,0,-5,-5,0,0,-10,-15,0,0,-5,0,-15,0,0,-10,0,-15,0,0,0,0,-5,0,0,0,0,5,0,0,0,0,0,-15,0,0,0,0,0,0,-5,-10,5,-5,0,0,0,0,0,0,0,0,0,0,0,0,0,0,-10,0,0,0,0,0,5,5,-15,10,10,-15,15,15,10,15,15,15,5,15,15,15,15,15,15,-15,15,15,15,15,15,-15,15,-15,15,15,10,15,15,5,15,15,-15,15,15,15,10,-10,-5,0,5,5,0,-15,-15,-5,0,-5,-5,15,5,-5,-15,-15,15,0,-10,-5,-10,-5,-5,-15,15,10,0,-10,10,10,15,-15,-10,15,-5,15,15,5,0,5,-15,0,5,0,15,10,-15,15,0,-10,10,-15,-5,0,-15,15,0,-10,10,-5,15,-15,5,15,-10,15,-10,10,5,5,10,15,-15,15,15,10,0,5,10,15,-5,0.5048,0.0028,0.0258
Harith,-10,0,0,0,0,0,10,0,0,0,0,-15,0,0,0,0,0,0,0,0,0,0,0,-15,-15,0,0,0,0,0,0,0,0,0,0,-15,0,0,5,0,0,0,0,0,-5,0,0,0,0,0,0,0,-15,0,0,0,0,0,0,0,10,0,0,-15,-15,0,0,0,0,15,0,0,0,0,0,0,0,15,-15,-15,-15,0,0,10,0,15,0,0,0,-15,0,0,0,-15,-15,0,-15,0,0,0,0,0,0,0,0,0,0,0,0,0,-15,-15,-15,-15,0,0,-15,0,0,0,0,0,0,10,5,5,15,15,10,15,15,10,15,15,15,10,15,15,10,5,15,10,15,15,5,15,-10,-10,-15,15,10,15,15,15,-15,15,-5,15,10,5,15,15,15,-10,-10,15,15,15,-15,-5,0,-15,-10,-5,0,5,-5,5,0,-10,-10,-15,15,-5,10,-15,-5,0,0,0,-10,5,-5,0,-5,15,10,0,10,-5,0,15,0,-5,10,15,-10,15,15,-10,0,10,-15,15,-10,15,5,10,15,10,0,-15,-10,10,10,10,0,15,15,10,-10,-5,5,-10,-15,-10,0,15,-15,-5,15,-10,0,15,15,0,0.513,0.0029,0.0019
Harley,-5,0,0,0,0,0,0,0,0,0,0,-15,0,0,0,15,0,0,0,0,0,0,0,-15,-15,0,0,0,0,0,0,0,0,0,0,-15,0,0,-5,10,5,0,0,0,0,-5,0,0,0,0,0,-15,0,0,0,0,0,0,0,10,15,0,-15,-15,-15,15,0,0,0,15,0,0,0,0,0,0,0,15,-15,-15,-15,0,0,0,0,0,0,0,0,-15,0,0,0,-15,-15,0,-15,0,0,0,0,0,-15,-15,0,0,0,0,15,0,-15,-15,-15,-15,0,0,-15,0,0,5,-15,-15,0,5,10,-15,15,15,5,15,10,-15,-15,15,15,10,15,15,-5,-15,15,-15,5,15,15,15,15,15,-15,15,15,15,15,-10,10,15,5,15,15,5,15,15,15,0,0,5,15,10,-5,10,-5,-15,15,5,5,0,-5,-10,5,10,0,0,-15,15,5,0,5,15,5,15,-10,-5,10,-10,5,-10,10,0,-10,15,5,15,0,10,5,-10,5,-5,-15,10,0,10,0,15,5,-15,5,-5,10,10,-15,10,-15,-5,-15,-10,5,-10,0,10,5,-10,0,-10,-10,-15,10,5,10,0,15,15,15,-15,-15,-5,0.5182,0.0107,0.153
Hayabusa,-15,0,0,0,-5,-10,5,0,0,0,0,0,0,0,0,-15,0,0,0,0,0,0,0,0,0,0,0,0,0,0,0,0,0,0,0,0,-15,0,0,0,0,0,0,0,0,-10,0,0,-15,0,-15,0,0,0,-15,0,0,0,0,10,10,0,0,-15,0,0,-15,0,0,15,0,-15,0,0,0,0,-15,10,0,0,0,-15,0,15,0,15,0,0,0,0,-15,0,-15,0,0,0,0,0,0,0,0,0,-15,-15,0,0,10,5,15,0,0,10,15,15,0,0,0,0,0,10,0,0,0,10,-15,10,10,15,5,15,10,15,15,15,15,15,15,15,-15,-15,15,10,10,15,15,15,15,15,-15,15,15,15,15,5,15,15,15,15,15,15,15,15,5,-15,-10,-15,15,-5,5,-5,-10,-5,-5,5,0,-15,0,15,-5,10,-5,-15,-5,-5,-10,5,10,10,15,-15,10,-10,15,15,0,5,-10,0,10,10,-10,-15,-5,0,10,10,-15,10,-10,0,15,15,15,0,5,10,-15,-15,-5,-5,-15,-10,-10,10,-15,5,10,10,-10,5,-15,15,-15,-15,-5,-10,10,5,0,-15,10,10,-10,15,10,-10,0.4903,0.0062,0.0082
Helcurt,-15,10,0,0,-5,-10,5,0,0,0,0,0,0,0,0,-15,0,0,0,0,0,0,0,0,0,0,0,0,0,0,0,0,0,0,0,0,-15,0,0,0,0,0,5,0,0,-10,0,0,-15,0,-15,0,0,-15,0,0,0,0,0,0,0,0,0,0,0,0,-15,0,0,10,0,-15,0,0,0,0,-15,10,0,0,0,-15,0,10,0,10,0,0,0,0,0,0,-15,0,0,0,0,0,0,10,-15,10,0,0,0,0,0,0,15,0,0,10,0,10,0,0,0,-15,0,10,0,0,0,5,-10,0,5,10,10,15,5,15,15,10,15,15,10,15,-15,-15,15,-15,15,15,15,15,15,15,15,15,15,15,15,10,-15,15,5,15,15,10,15,15,10,10,0,15,-5,-15,10,-5,-5,10,15,5,-15,0,0,0,10,15,-10,-15,5,0,-10,0,0,-15,-10,-5,10,0,-5,5,-15,-10,0,0,10,15,-5,-10,15,-15,-5,0,5,0,10,10,10,15,10,-15,-15,15,0,5,10,15,0,5,-10,-5,-5,0,10,15,15,0,-15,10,-10,5,10,0,10,15,0,0,-15,10,-10,10,-15,10,0.5085,0.0022,0.0047
Hilda,10,5,0,0,10,-5,0,0,10,-15,0,0,0,0,0,0,0,0,-15,0,0,0,-15,0,0,0,0,0,0,0,-15,0,0,0,-15,0,0,0,5,0,5,5,-5,5,5,5,-5,0,5,0,5,0,0,0,0,0,-15,0,0,0,-15,10,10,0,0,-15,0,0,0,-15,0,0,0,0,0,0,0,-15,0,0,0,10,0,-15,0,-15,0,0,0,0,0,0,0,-15,0,0,0,0,0,0,0,0,-15,-15,0,0,0,0,-15,0,0,0,0,10,0,0,0,0,0,10,0,0,0,15,-15,10,5,10,15,15,10,10,10,15,-15,5,10,15,-15,5,-15,-15,10,15,15,-15,-10,-10,15,5,15,15,5,15,-15,-15,-15,5,15,15,10,5,15,-10,-10,-15,-15,10,0,-5,-5,0,15,10,15,5,-10,5,0,5,-5,-10,-15,0,15,0,-5,15,-15,5,10,10,-10,5,-10,5,-5,10,-15,15,15,-10,-15,5,5,15,5,5,-10,15,10,-15,-10,0,5,5,-10,0,10,5,15,-10,-5,15,15,-15,0,10,-15,5,0,-5,15,10,-5,10,0,15,-10,-15,-15,5,5,-5,-5,10,0.4855,0.0048,0.0037
Hylos,10,-10,10,10,10,5,-5,0,10,-15,15,0,0,0,0,15,0,0,-15,0,0,0,-15,10,15,0,0,5,0,0,-15,0,0,0,-15,0,10,-15,-15,-15,5,5,0,5,5,0,-10,0,5,0,5,0,0,0,0,-15,0,15,0,0,-15,15,0,0,0,-15,0,0,0,-15,15,0,0,0,0,0,0,-15,0,10,10,10,0,-15,0,-15,0,0,0,0,-15,0,10,-15,0,0,0,0,0,0,0,0,-15,-15,0,0,5,15,-15,0,0,0,10,15,0,0,0,0,0,10,0,0,0,15,10,10,10,15,15,15,5,15,15,15,-15,10,15,15,5,-15,-15,15,15,15,15,15,10,10,15,10,5,15,15,15,15,15,15,0,10,15,15,0,15,-15,-10,-10,-5,10,-15,-10,-5,-5,-10,15,0,-10,10,15,0,0,15,-5,15,10,-15,0,10,0,15,15,-15,15,10,0,5,-5,15,0,5,5,-15,5,-5,-15,10,-10,-5,15,-5,5,5,-5,-10,-5,-10,-15,0,-15,-10,10,-15,0,0,15,0,15,10,15,15,15,15,0,10,-10,-10,-10,15,-5,5,-5,0,-10,-5,-10,0,-10,0.5244,0.0023,0.001
Irithel,10,10,0,0,0,0,10,0,0,15,0,15,0,0,0,0,0,-15,15,0,-15,-15,10,0,0,0,0,-15,-15,0,0,0,0,0,0,0,0,0,0,0,0,0,0,0,0,0,0,0,0,-15,0,0,0,0,0,0,15,0,-15,0,0,0,0,0,0,0,0,-15,0,15,0,0,0,-15,0,-15,0,5,0,5,10,0,0,0,-15,15,10,-15,-15,0,0,-15,0,0,0,0,0,0,0,15,0,5,0,0,0,0,10,0,15,5,5,0,15,15,-15,0,0,0,0,10,10,0,0,10,15,10,15,15,10,15,-10,10,-15,15,-15,15,15,15,10,10,-15,15,5,15,0,15,10,10,-15,10,10,0,10,10,15,-15,10,5,5,-15,15,5,-15,5,-10,15,0,-10,15,15,15,-5,-10,15,10,10,5,0,10,-15,0,10,15,-5,10,5,-15,-5,-5,0,0,-15,10,-15,15,-15,-10,0,0,15,0,15,-15,10,15,10,-10,5,-15,-15,-10,-10,-5,-5,0,10,15,5,-5,5,10,-10,10,-15,-15,-10,5,0,-10,15,-15,5,-5,15,-5,-5,15,-15,10,5,-15,0,0,5,0,15,0.5117,0.0068,0.002
Ixia,10,10,0,0,0,0,0,0,0,15,0,15,0,0,0,0,0,-15,15,0,-15,-15,10,0,0,0,0,-15,-15,0,0,0,0,0,0,0,0,0,0,-5,5,0,0,0,0,0,0,0,0,-15,0,0,0,0,0,0,0,-15,0,0,0,0,0,0,0,0,0,-15,10,15,0,0,10,-15,0,-15,0,15,0,10,0,15,0,0,-15,15,10,-15,-15,0,0,-15,0,0,0,0,0,0,-15,0,0,10,5,5,5,0,10,0,15,0,10,0,0,15,-15,0,10,0,0,10,0,0,0,10,-15,-10,5,5,10,15,10,-15,-15,15,15,15,15,15,10,15,0,15,15,15,5,15,-15,-15,-15,10,-15,5,15,10,15,15,10,15,15,10,15,15,-15,10,0,10,10,-15,-15,15,0,0,-15,5,5,5,10,0,5,-15,-15,0,5,-5,15,15,-15,5,10,-15,-15,-15,0,-10,-15,-5,0,5,-15,10,-5,-5,-5,0,-15,10,10,15,10,-5,-10,-15,-15,-5,-15,-15,15,10,-15,0,15,-10,-15,-15,-5,-5,-15,10,-15,-5,-10,-10,0,5,15,-5,-10,-10,15,-5,0,10,-15,-5,0,-15,0.5232,0.0105,0.0324
Jawhead,10,5,10,5,5,5,0,-15,-15,0,-15,0,0,0,0,0,0,0,-15,-15,0,0,0,0,0,0,-15,0,0,0,0,0,0,0,0,0,0,0,0,0,0,10,0,0,0,0,0,5,0,0,0,0,10,10,0,0,0,0,0,0,0,-15,-15,0,0,0,0,0,-15,0,0,0,-15,0,-15,0,0,0,0,0,0,-15,-15,0,0,0,-15,0,0,0,0,0,0,0,0,0,0,-15,0,0,0,-15,0,0,-15,-15,-15,-15,0,0,0,0,0,0,0,-15,0,0,-15,-15,0,0,0,15,-15,10,15,15,15,15,10,10,15,15,15,15,15,15,-10,15,15,5,15,15,15,15,15,15,5,15,15,15,15,15,15,15,-15,15,15,15,15,15,15,0,0,-5,10,-5,10,5,10,-15,-15,-5,15,-15,10,15,-10,10,0,-5,0,0,-5,5,-10,0,15,-5,0,-10,-10,0,0,15,0,-15,5,-15,-10,-10,15,5,-10,0,-15,10,5,10,10,5,-15,5,0,-15,5,5,10,5,-10,5,-15,0,0,10,-15,10,-10,15,0,-15,5,10,10,-15,5,-15,-15,-10,15,-10,0,10,5,5,0.485,0.0053,0.0032
Johnson,10,-15,10,10,10,10,-5,0,10,-15,-15,15,15,0,0,15,0,15,-15,15,15,0,-15,0,0,0,0,5,10,0,-15,0,0,0,-15,0,10,-15,-15,-15,0,10,0,0,5,0,-15,5,5,10,0,10,15,10,0,-15,-15,0,0,0,0,10,10,-15,10,-15,10,10,10,10,10,10,10,10,10,10,10,-15,10,10,10,10,10,-15,10,-15,10,10,10,10,-15,0,0,10,10,10,10,10,10,-15,10,10,10,10,10,10,10,10,-15,10,10,10,10,15,10,10,10,10,10,10,10,10,10,15,-15,10,-15,15,10,15,10,10,-15,15,15,-15,10,15,-15,-15,15,-15,-15,15,15,0,15,15,-15,15,5,15,15,-15,15,15,-15,10,15,-15,15,10,15,0,-15,0,0,-15,5,-15,5,15,10,-15,5,15,-5,0,10,5,-15,-15,0,0,5,-10,10,-15,-5,-5,15,15,10,10,-10,-15,15,5,5,5,-15,-15,15,10,-10,5,10,15,-10,-5,-5,10,15,-5,10,5,5,-10,-5,0,0,-15,5,10,-15,10,5,-10,0,-10,-5,10,-10,0,5,-5,15,-15,-15,-10,-15,-15,-10,-10,10,0,0.4751,0.009,0.0301
Joy,5,15,0,5,0,0,15,-15,0,0,0,10,0,0,0,0,0,0,0,0,0,0,10,0,0,0,0,0,0,0,0,0,0,0,0,0,0,0,5,-5,-5,0,0,0,0,-10,0,0,0,0,-5,0,0,0,0,10,15,0,0,-15,10,0,0,0,0,15,-15,0,0,15,0,0,0,0,0,0,0,15,0,0,0,-15,0,0,0,15,0,0,0,0,0,0,-15,0,0,0,0,0,0,0,-15,0,0,0,0,0,10,0,15,0,0,0,0,10,0,0,0,0,5,0,0,0,0,15,5,15,10,15,15,15,15,15,15,15,15,15,15,15,5,15,15,15,0,15,15,15,15,15,10,15,10,15,15,15,15,15,15,15,15,15,15,15,15,-15,15,15,-15,-5,15,10,10,0,10,0,0,0,-10,0,-15,0,-10,-15,10,-5,0,0,-10,-15,10,-5,-15,-10,0,-5,0,-5,15,0,10,10,-5,0,-5,-15,15,5,-5,-5,-10,5,-5,-10,10,5,10,-5,-10,10,15,-5,5,-10,10,10,0,-15,-15,-10,-5,5,-10,5,-5,-10,-10,-15,10,0,0,10,-15,-15,-5,5,10,10,0.5434,0.0034,0.1199
Julian,5,10,0,0,0,0,0,0,5,15,0,-15,0,0,0,0,0,0,0,0,0,0,0,0,0,0,0,0,0,0,0,0,0,0,0,0,0,0,0,0,0,0,0,0,0,-10,0,0,-5,0,-5,0,-15,0,0,10,0,0,0,-15,10,0,0,0,-15,10,5,0,0,15,0,10,10,0,0,0,0,15,0,0,0,0,0,15,0,15,15,0,0,0,0,0,0,0,0,0,0,0,0,10,0,0,0,0,0,0,10,0,15,0,0,0,0,0,0,0,0,0,0,10,0,0,0,15,10,10,15,15,15,15,15,10,15,15,15,-5,15,15,10,-15,15,15,-15,15,15,15,15,15,5,15,5,15,15,15,0,15,15,15,15,-15,15,15,15,5,-10,5,15,-10,-10,5,5,5,-5,15,0,5,-5,10,-10,15,-5,0,15,0,10,0,-5,5,-10,-15,15,-10,15,5,-5,10,15,-10,15,-5,-15,5,5,-5,10,10,-15,-10,15,5,0,-5,15,10,10,-5,-10,15,5,0,0,-15,-10,-15,-10,-10,15,15,-5,-5,15,5,-10,5,-10,0,10,-5,-5,-15,-10,-5,-10,5,15,15,0.5102,0.0034,0.0026
Kadita,10,5,10,0,5,5,-5,0,5,-15,10,-15,0,0,0,0,0,0,-15,0,0,0,-15,-15,-15,0,0,5,0,0,0,0,0,0,-15,0,0,-15,0,0,10,0,5,0,0,5,5,10,5,0,0,-15,-15,-15,0,0,0,0,0,0,-15,0,0,0,-15,-15,-15,0,0,-15,0,0,0,0,0,0,-5,-15,0,0,0,15,0,-15,0,-15,0,0,0,5,-15,0,0,-15,0,0,0,0,0,-15,0,0,-15,-15,0,0,10,0,0,0,0,0,0,15,0,0,15,0,0,15,5,0,0,15,10,15,15,15,15,15,-5,15,15,15,15,5,15,15,-15,0,15,15,5,15,15,15,15,15,10,15,15,15,15,10,15,10,10,15,15,-15,15,15,15,-10,5,15,10,15,-15,10,-5,-10,0,-10,10,-15,5,0,15,-10,15,10,5,-15,-5,0,0,5,0,-15,-5,-5,10,15,-10,-5,5,-5,-5,-15,10,10,10,-15,0,15,-5,-15,15,-10,0,-5,-10,-15,5,-5,15,-15,-10,-10,0,-5,-5,-5,0,-15,10,-15,0,-5,5,-15,15,-15,15,-5,0,-15,-15,-10,0,-15,15,5,10,5,0.4932,0.0037,0.0024
Kagura,10,5,5,0,5,5,0,0,5,15,10,-15,0,0,0,0,0,0,15,15,0,0,10,-15,-15,0,0,5,0,0,0,0,0,0,0,-15,0,0,0,0,10,0,5,0,-15,5,0,0,5,0,0,-15,-15,0,0,0,0,0,0,0,10,0,-15,-15,0,0,0,0,0,15,0,0,10,0,0,0,0,15,-15,-15,-15,10,0,0,0,15,15,0,0,-15,0,0,0,-15,-15,0,-15,0,0,0,0,10,0,0,0,0,10,10,15,0,-15,-15,-15,-15,0,0,-15,0,0,10,-15,-15,0,10,5,10,15,10,5,15,-10,10,-10,15,15,5,10,15,-15,-15,15,-5,5,15,15,-10,15,15,10,10,-5,15,10,5,-15,-15,-15,15,10,-15,15,15,15,10,-10,15,10,-5,10,-15,15,15,-10,10,5,-15,-5,15,10,-5,15,0,-10,-5,-15,-5,-10,0,5,10,-10,5,0,-15,5,-15,15,-5,0,-15,15,15,-15,15,-5,10,5,-10,10,0,10,15,-10,15,5,5,5,10,-5,-15,15,-5,5,10,5,-5,-15,0,15,5,-5,15,10,-10,15,0,10,0,5,10,-15,-10,-10,-5,10,0,0.5074,0.0033,0.0013
Kaja,15,0,15,10,10,10,-10,10,0,0,0,0,0,0,0,15,0,0,0,0,0,0,0,0,0,0,0,0,0,0,-15,15,0,0,0,10,0,-15,-15,-5,0,0,-5,0,0,5,0,0,0,0,-10,0,15,0,0,-15,-15,0,0,0,-15,15,10,-15,0,0,10,10,10,-15,0,0,0,0,0,0,0,-15,0,0,0,10,0,-15,0,-15,10,0,0,0,-15,0,0,0,0,0,0,0,0,-15,10,0,-15,-15,0,0,10,10,-15,-15,0,0,0,10,10,0,10,10,10,10,0,0,10,15,-15,15,15,15,15,15,15,15,-15,15,15,15,5,10,-15,-15,15,-15,15,15,15,0,15,15,5,15,15,15,10,15,15,5,0,15,-15,15,15,15,15,5,0,-5,-15,15,-5,10,-5,0,10,-15,10,0,-5,15,-5,0,-10,5,15,-5,15,-15,5,15,0,-5,-15,-15,-15,5,-5,10,0,-15,0,5,-15,15,-15,15,0,15,-10,-10,15,-10,-15,10,-5,-15,5,-10,5,-10,10,15,5,0,-10,5,15,15,-10,15,5,15,5,10,-10,10,-15,5,-15,-5,0,-15,-5,10,15,0,10,5,0.4998,0.0008,0.0008
Karina,-15,10,-15,0,-10,-10,0,0,0,5,0,0,0,0,0,-15,0,0,15,0,0,0,0,0,0,0,0,15,0,0,0,0,0,0,0,0,-15,0,0,-5,-5,0,5,5,0,-10,5,0,-10,0,-15,0,0,-15,-15,0,0,0,0,0,10,-15,5,-15,0,10,0,10,10,15,0,-15,10,0,0,10,0,15,0,0,0,-15,0,10,10,15,10,0,0,0,0,10,-15,0,0,0,0,0,0,0,-15,0,0,0,0,0,15,0,15,0,0,0,0,15,-10,0,10,0,0,10,0,0,-10,10,-15,15,15,10,15,15,15,10,-15,15,-15,-15,10,15,5,-15,15,0,10,15,15,15,15,15,-15,15,15,15,15,5,15,-15,15,15,15,-15,15,15,10,0,15,-5,5,10,0,5,10,-10,0,-10,-15,5,10,-10,15,15,15,-10,-5,15,15,5,10,0,5,0,5,-15,-15,-15,10,-15,0,5,-15,-10,15,10,5,5,5,0,-5,5,-5,-10,10,-10,0,0,-15,5,15,5,15,10,5,10,0,15,-5,-15,-10,15,-10,-10,0,0,-5,-15,10,15,15,-10,-15,10,15,-15,0,0,-15,10,0.471,0.009,0.0671
Karrie,10,10,0,0,0,0,0,0,0,0,0,0,0,0,0,0,0,0,0,0,-15,0,0,0,0,0,0,0,0,0,0,0,0,0,0,0,0,0,0,0,0,0,0,0,0,0,0,0,0,-15,0,0,0,0,0,0,0,-15,-15,0,10,0,0,0,0,10,10,0,0,0,0,0,0,-15,0,-15,0,10,0,10,0,10,0,0,-15,15,10,-15,-15,0,0,-15,0,0,0,0,0,0,-15,0,0,10,0,0,0,0,15,0,15,0,0,0,0,15,-15,0,15,0,0,15,0,0,0,5,15,5,15,15,15,15,5,15,15,15,0,15,15,10,15,15,0,15,5,15,5,15,-15,-15,5,15,15,15,0,5,15,15,15,5,-15,0,5,5,15,-10,15,-10,-15,0,10,15,15,-5,5,15,10,-15,5,0,10,5,-10,-5,15,10,5,-10,0,-15,-15,15,0,0,-15,15,0,15,10,-5,-15,-10,-10,-10,0,-5,-10,-10,5,10,-10,10,-15,-15,-15,15,0,10,15,10,-15,-10,5,10,0,-10,15,10,-15,-15,-5,5,-15,-10,-10,-5,-5,-15,15,5,-5,0,-10,-5,10,-15,-10,-10,0.5111,0.0161,0.0524
Khaleed,10,10,0,5,10,15,10,-15,-15,15,-15,15,-15,0,0,15,0,0,15,-15,15,0,10,0,10,0,-15,5,10,0,0,0,0,0,10,0,0,0,0,0,0,0,0,0,0,0,0,0,0,0,0,0,0,0,0,0,0,0,10,-15,10,0,0,0,0,10,10,0,0,15,10,0,-15,0,-15,0,0,15,0,0,0,15,0,15,0,15,-15,0,0,0,0,0,0,0,0,0,0,-15,0,0,0,-15,0,0,-15,-15,-15,-15,15,-15,15,0,0,15,0,-15,15,0,0,-15,0,0,-15,10,-15,15,-5,5,15,15,10,-10,10,15,15,15,5,10,-15,-15,-15,-15,-15,15,15,-15,15,15,-15,15,-15,15,15,-15,10,-15,5,5,15,-15,15,5,0,-15,-15,5,-10,-5,-15,10,-15,0,-5,-5,10,-5,-15,15,-5,5,-15,10,15,10,15,-5,-10,5,-15,-15,5,0,5,-10,5,0,-5,5,-10,-5,5,-5,5,-10,15,-10,-5,-10,10,-15,5,15,10,0,15,-15,-10,0,10,15,5,-5,5,10,-15,-10,10,10,15,0,-5,-15,10,0,15,-5,0,10,-15,15,15,-15,0,-15,-10,5,0.5405,0.0016,0.0004
Khufra,15,-10,15,15,15,15,-10,0,15,-15,15,15,15,0,0,15,0,15,-15,15,0,15,-15,30,15,0,0,15,15,15,-15,0,0,0,-15,0,15,-15,-15,-15,0,10,-5,0,5,5,-10,10,0,0,-5,15,15,15,10,-15,-15,15,15,0,10,15,15,-15,15,-15,15,0,15,0,15,15,15,15,15,15,15,-15,15,15,15,15,15,15,15,-15,15,15,15,15,-15,15,15,15,15,15,15,15,15,-15,15,15,-15,-15,15,0,15,15,-15,15,15,15,15,15,15,15,15,15,15,15,15,15,15,15,-15,15,5,15,15,15,15,15,-15,15,-15,10,15,5,-15,-15,-15,-15,15,15,10,-15,15,15,15,15,15,10,10,-15,15,10,0,0,-15,15,-15,0,15,0,0,-5,-5,-15,10,5,-5,-5,-15,0,-15,15,-10,5,15,0,10,0,-15,-15,5,-10,-10,-5,-15,-15,15,-5,0,-15,-10,15,-5,-15,-15,0,0,15,10,5,-15,-15,-5,-10,-10,-10,15,10,10,5,5,15,-10,15,0,0,-5,-10,-10,0,-15,0,0,5,-15,5,-15,15,15,-15,-15,-5,0,15,-10,-15,5,15,5,15,-5,-10,0.4978,0.0052,0.0062
Kimmy,5,5,0,0,0,0,0,0,0,10,15,0,0,0,0,0,0,0,15,0,0,0,10,0,0,0,0,0,0,0,0,0,0,0,0,0,0,0,-5,0,0,0,-10,5,0,0,0,0,0,-5,0,0,0,0,0,0,15,0,0,0,10,0,0,0,0,0,0,0,10,15,0,0,0,0,0,0,0,15,0,0,0,0,0,0,0,15,15,0,0,0,0,0,0,0,0,0,0,0,0,0,0,0,0,0,0,0,10,10,15,0,0,0,0,0,0,0,10,0,0,10,0,0,0,0,5,-15,-15,-15,5,15,15,-15,-15,-15,-15,-15,15,-15,5,10,-15,10,-15,-15,-15,10,-15,-15,-15,-15,-15,-15,-15,15,-15,10,-15,-15,-15,-15,-15,-15,-15,10,-10,0,-15,15,-10,5,-10,-15,0,15,0,-10,5,-15,-5,10,0,-15,0,15,-10,10,-10,-5,5,-10,10,-5,-10,0,-10,5,-5,5,-15,0,5,5,10,-15,0,-10,-5,-5,5,10,-5,10,15,0,-5,-15,-5,0,10,15,-10,10,10,0,0,0,0,15,0,5,10,-5,0,-15,10,-15,-15,-5,0,5,-5,-15,10,-15,10,5,0.4846,0.0016,0.0009
Lancelot,-15,10,0,-5,-5,-10,10,0,0,0,0,0,0,0,0,-15,0,0,0,0,0,10,10,0,0,0,0,0,0,0,0,0,0,0,0,0,-15,0,0,0,-5,0,0,0,0,-10,0,0,-10,0,-15,0,0,-15,-15,0,0,0,0,0,10,0,10,0,0,0,-15,0,0,15,0,0,5,0,0,0,-15,15,5,0,0,-15,0,10,0,15,0,0,0,0,-5,0,-15,-10,0,0,0,0,0,10,-15,0,-10,0,0,0,10,0,15,0,0,0,0,10,0,0,0,-15,0,0,0,0,0,10,-15,10,10,5,-15,15,10,5,-15,15,15,10,5,15,-15,-15,15,-15,-15,15,15,0,15,15,-15,15,15,15,15,15,5,15,10,15,15,5,15,15,5,-10,5,0,-15,5,10,10,-10,-15,-5,15,-15,-15,-10,5,-10,5,-10,-5,-5,15,10,0,-5,10,0,10,-5,10,5,-5,0,-5,-10,0,-15,0,5,-10,0,0,15,-10,-5,10,0,0,-15,-15,5,-5,-5,10,10,-5,5,0,10,0,10,0,5,-15,-5,0,-10,5,10,0,0,10,-5,5,-15,15,10,-15,-10,-10,-10,-5,-5,15,0.4726,0.0123,0.0166
Lapu-Lapu,5,10,0,10,0,10,10,-15,-15,15,-15,15,-15,0,0,15,0,15,15,-15,10,0,10,10,0,0,0,10,0,0,0,0,0,0,0,0,0,5,0,0,0,0,0,0,0,0,0,0,0,0,0,0,0,0,0,0,0,0,10,-15,10,0,10,0,10,0,10,0,-15,15,0,5,0,0,-15,0,0,10,0,0,0,0,0,0,0,5,-15,0,0,0,0,0,0,0,0,0,0,-15,0,0,0,-15,0,0,-15,-15,-15,-15,15,-15,5,5,5,15,0,-15,15,0,0,-15,0,0,-15,15,-15,15,-15,10,10,15,-15,10,10,15,15,10,15,15,-15,-15,15,10,15,15,15,15,15,15,15,15,15,15,15,15,0,15,0,15,15,10,15,15,15,-10,-15,-5,-5,10,10,5,5,5,-15,-15,0,5,-15,0,5,10,-15,5,0,5,-10,15,10,-15,-15,0,-5,5,0,-15,-10,0,10,-15,-15,-5,0,-15,10,0,15,-15,0,-5,10,5,-15,15,10,0,-5,15,5,5,15,5,-15,-10,15,10,0,-10,-15,-5,-5,5,-15,10,-5,-10,-10,15,-15,10,15,-10,-5,5,10,0,15,10,0.4945,0.0039,0.0007
Layla,0,10,0,0,0,0,0,0,0,0,-15,0,0,0,0,0,0,-15,0,0,-15,-15,0,0,0,0,0,-15,-15,0,0,0,0,0,0,0,0,0,0,0,0,0,0,0,0,0,0,0,0,-15,0,0,0,0,0,0,0,-15,-15,0,10,0,0,0,0,0,0,-15,0,15,0,0,0,0,0,-15,0,0,0,0,0,15,0,15,-15,10,0,-15,-15,0,0,-15,0,0,0,0,0,0,-15,0,0,5,0,0,0,0,10,0,15,0,0,0,10,10,-15,0,10,0,5,0,0,0,0,-15,15,-15,-15,15,15,15,15,10,5,15,15,15,15,15,15,15,15,15,15,15,15,15,-15,-15,-15,15,15,15,15,15,15,15,15,15,15,-15,15,15,15,-10,5,10,-10,-5,0,5,0,-10,5,15,15,-10,0,-10,-5,5,-5,-10,5,15,0,-5,-15,-5,-10,10,15,-5,10,-10,15,10,0,-15,-10,-10,10,10,5,-10,0,5,-5,10,5,-10,5,0,-15,-15,10,5,0,15,-10,-5,-5,-10,-10,-10,-10,-5,-15,10,10,-15,10,-15,15,0,-5,-15,15,0,-10,-15,-15,15,5,-10,5,0,0.4694,0.0253,0.0218
Leomord,-15,5,0,10,0,5,15,-15,-15,15,-15,0,-15,0,0,0,0,0,15,0,0,0,0,0,0,0,0,0,0,0,0,0,0,0,0,0,0,0,0,0,-5,0,0,0,0,-5,0,0,0,0,-10,0,0,0,0,0,0,0,0,-15,10,0,0,0,0,0,0,0,-15,15,0,0,-15,0,0,0,0,10,0,0,0,0,0,15,0,10,-15,0,0,0,0,0,0,0,0,0,0,-15,0,15,0,-15,0,0,-15,-15,-15,-15,15,-15,10,10,10,10,0,-15,0,0,0,-15,0,0,-15,5,-15,10,5,5,15,15,5,10,-15,15,-15,5,-10,10,-15,-15,15,-15,-15,15,5,5,10,10,10,10,-15,5,-10,5,-15,10,-15,-15,15,-15,15,-15,15,-5,-5,5,-5,5,0,-5,-15,15,10,-5,-5,0,15,5,-15,0,-15,-10,10,-5,5,10,0,-10,-10,-15,0,5,15,5,10,-5,-5,0,-10,0,0,5,15,-5,0,0,5,0,10,15,-5,-10,15,5,-5,-5,-15,10,10,-10,-5,15,15,-5,-15,15,-10,-10,-10,5,15,-5,10,-10,-5,-10,0,10,-5,10,0,5,-10,-5,-15,-5,0.503,0.0014,0.0005
Lesley,5,5,0,0,0,0,0,0,0,0,0,0,0,0,0,0,0,-15,0,0,-15,-15,0,0,0,0,0,-15,-15,0,0,0,0,0,0,0,0,0,0,0,0,0,0,0,0,0,0,0,0,-15,0,0,0,0,0,0,0,-15,-15,0,10,0,0,0,0,0,10,-15,0,15,0,0,0,-15,0,0,0,10,0,0,0,0,0,10,-15,10,0,-15,-15,0,10,-15,0,0,0,0,0,0,-15,0,0,0,0,0,0,0,0,0,15,0,0,0,0,0,-15,0,0,0,0,0,0,0,0,-10,15,10,15,15,15,15,15,10,-15,15,15,5,10,15,10,15,15,15,15,15,0,15,10,10,5,15,15,0,15,15,15,5,15,15,15,-15,15,15,15,-15,0,-15,-15,10,-5,5,0,-5,-10,5,15,10,-10,10,-10,10,0,15,-5,-15,15,0,10,-15,5,15,-5,5,-15,-10,0,-10,-10,-5,0,5,-10,-10,-5,-15,15,-15,-10,0,10,10,5,-10,-5,-5,0,10,5,-10,0,0,-5,-10,0,0,-15,-5,10,0,-5,-10,5,-5,-10,0,-5,5,5,5,10,-10,5,0,15,5,5,-10,0.4619,0.013,0.0053
Ling,-15,5,0,-10,-10,-10,10,0,0,0,-15,0,0,0,0,-15,0,0,15,0,0,0,0,0,0,0,0,0,0,0,0,0,0,0,0,0,-15,0,0,0,-5,0,0,0,0,-10,0,0,-10,0,-15,0,0,-15,-15,0,0,0,0,0,10,0,0,-5,0,0,0,0,0,15,0,-15,0,0,0,0,0,0,0,0,0,-15,0,0,0,5,0,0,0,0,-15,0,-15,0,0,0,0,0,0,0,-15,0,0,0,0,0,10,0,15,0,0,0,0,10,0,0,0,-15,-15,0,0,0,-15,5,-15,-5,-15,15,10,15,15,5,15,15,15,15,10,15,-10,-10,15,-15,-15,15,5,15,15,15,-10,15,15,15,10,15,10,-15,10,15,15,10,15,15,10,0,15,15,15,-5,5,10,15,-15,15,-5,-5,0,-15,15,5,5,10,15,-5,10,0,-15,5,-15,15,5,15,-10,10,10,-5,15,5,0,-5,0,15,5,0,-15,5,15,-10,5,-5,15,-10,15,15,0,-5,10,10,10,10,5,-10,5,-5,0,15,-10,-10,-10,-5,-5,-15,-5,5,-5,0,5,-5,-5,-15,-15,-15,15,15,10,5,10,0.5014,0.0025,0.0016
Lolita,10,-15,10,10,10,10,-10,5,0,-15,15,15,15,0,0,15,0,0,-15,15,15,10,-15,15,15,0,5,10,10,15,-15,0,0,0,-15,0,0,-15,-15,0,0,5,-5,0,5,5,-10,0,0,0,0,15,15,10,10,-15,-15,5,15,0,-15,15,15,-15,15,-15,15,10,15,-15,15,15,10,0,10,10,0,0,0,10,10,15,0,-15,0,-15,0,0,0,0,-15,0,0,-5,0,0,0,0,0,-15,0,0,-15,-15,0,0,15,0,-15,0,10,10,10,10,0,10,10,0,0,15,0,0,0,5,0,5,-15,10,15,0,10,0,5,15,-15,-15,5,5,-15,-15,15,-15,10,15,5,-15,10,10,-15,0,15,-5,15,-15,-15,10,-15,-15,-15,5,-15,-15,15,-10,-15,5,5,5,15,0,-10,0,15,5,-10,10,10,-15,-10,0,-15,-15,-15,10,0,-10,-15,-5,5,5,0,-10,0,-10,15,-10,-10,15,10,5,0,5,-10,-5,15,10,0,-10,5,-10,-5,10,-5,-15,-15,10,-5,15,10,5,10,15,0,10,5,15,10,-10,-15,0,-5,10,-15,10,-10,-10,15,-15,-15,-15,-5,5,-5,5,-5,15,0.5375,0.0014,0.0026
Lunox,5,10,0,5,5,5,0,0,0,0,10,-15,0,0,0,0,0,0,15,0,0,0,0,-15,-15,0,0,0,0,0,0,0,0,0,0,-15,0,0,0,0,0,0,0,0,-10,0,0,0,0,0,0,-15,-15,0,0,0,0,0,0,0,10,0,0,0,-15,0,0,0,0,15,0,5,0,0,0,0,0,0,0,-15,-15,0,0,10,0,15,0,0,0,-15,0,0,0,-15,-15,0,-15,0,0,0,0,0,0,0,0,0,5,0,15,0,-15,-15,-15,-15,0,0,-15,0,0,0,-15,-15,0,15,15,10,15,5,5,15,5,0,15,15,5,5,15,15,15,15,0,15,-15,15,15,15,5,5,10,15,15,10,15,15,0,15,15,-15,-15,-15,10,-15,-10,-5,5,10,-15,-10,10,0,-15,5,5,-15,0,5,15,15,0,-15,0,10,-10,0,-15,10,5,0,15,10,15,-10,15,5,-5,0,-5,-15,0,-5,-5,0,-5,-15,15,5,-5,15,-15,5,0,10,-15,5,-5,-5,-10,10,-15,10,0,15,-5,5,5,10,-10,15,15,10,10,10,15,5,5,15,5,-10,10,-15,-15,-15,-15,5,0,10,0.4829,0.0021,0.005
Luo Yi,10,10,10,10,10,10,0,0,10,15,10,-15,10,0,0,0,0,15,15,10,10,10,10,-15,-15,0,10,10,10,0,0,0,0,0,0,-15,0,5,0,5,0,0,0,0,-15,0,0,0,0,0,0,-15,-15,0,0,0,10,5,10,0,10,0,0,0,-15,0,0,10,0,15,0,0,0,0,0,0,0,10,-15,0,-15,15,0,10,0,15,15,0,0,-15,0,0,0,-15,-15,10,-15,0,0,0,0,10,0,0,0,0,15,0,15,0,-15,-15,-15,-15,0,0,-15,0,0,15,-15,-15,0,10,10,10,5,10,10,15,10,5,15,15,15,5,10,15,15,15,15,10,15,10,10,10,10,10,-15,15,-15,15,15,-15,15,10,-5,15,10,-15,15,15,15,-10,-15,-15,5,10,5,-15,0,-5,5,-5,10,-15,10,-15,-10,0,10,-15,5,0,10,5,-5,0,-15,-15,-15,15,15,-10,0,-5,-5,15,15,-5,5,-15,0,-15,-5,15,10,10,0,10,15,10,15,5,-5,-15,-5,0,15,15,10,0,-10,15,-5,5,0,0,5,-15,0,5,10,-10,5,10,-5,5,10,-5,5,5,-15,10,-15,0,0.5208,0.0051,0.0038
Lylia,5,10,0,10,10,5,10,0,0,15,10,-15,0,0,0,0,0,0,15,0,0,0,10,-15,-15,0,0,0,0,0,0,0,0,0,0,-15,0,10,0,0,10,10,0,0,-15,0,0,0,0,0,0,-15,-15,0,0,0,10,10,0,0,10,0,0,0,-15,0,0,0,0,15,0,0,0,0,0,0,0,10,-15,-15,0,15,0,10,0,15,15,0,0,-15,0,0,0,-15,-15,0,-15,0,0,0,0,5,0,0,0,0,15,5,15,0,-15,-15,-15,-15,0,0,-15,0,0,0,-15,-15,0,10,10,10,10,10,15,15,15,0,15,15,15,15,15,10,15,15,-15,15,-15,-15,-10,15,-15,-15,10,15,-15,-10,10,15,5,15,15,5,5,-15,5,5,-15,15,10,-15,15,5,15,-5,15,15,5,10,-5,10,5,-5,10,10,15,-10,15,0,-15,-5,10,-5,-5,-10,15,-10,0,15,-5,10,-10,-5,-15,10,-15,5,10,0,15,0,10,-15,-10,0,10,-10,5,0,0,5,10,5,5,5,0,0,10,0,15,-10,-5,10,5,-15,5,-15,-15,10,-15,5,-5,-10,-15,5,15,-10,-15,-10,-5,0,0.516,0.008,0.0046
Martis,5,15,-10,15,0,5,15,0,15,15,15,15,15,0,0,-15,0,15,15,15,15,15,15,15,15,0,5,15,15,0,0,0,15,15,15,0,0,5,0,-15,-5,5,0,5,0,-10,5,5,-10,0,-5,0,0,-15,-15,10,10,0,15,-15,10,-15,0,15,10,10,-15,10,15,15,0,-15,0,15,0,0,-15,15,0,15,15,0,0,15,0,15,15,0,0,15,0,10,-15,-5,0,0,0,15,0,15,-15,0,0,0,0,0,15,0,15,0,10,10,15,15,0,15,5,0,10,15,0,0,0,15,15,15,15,15,15,15,15,10,15,15,5,10,15,15,15,10,10,15,15,15,5,15,5,5,15,15,15,5,-5,15,5,15,15,0,15,5,15,0,15,0,0,10,-5,-15,10,0,10,0,-5,15,5,0,-15,10,-10,-5,10,0,5,-10,-10,15,-5,10,15,10,-10,15,-15,5,10,5,-15,0,15,-10,-15,15,-5,15,0,15,0,5,-5,0,0,10,-15,5,10,10,-10,-5,-5,15,-5,-10,-5,5,15,15,10,0,-10,5,-10,15,0,10,15,-10,10,-10,10,-15,-15,-10,0,10,15,-15,0.4842,0.0183,0.1637
Masha,-5,0,-15,0,0,-5,0,0,0,0,-15,0,0,0,0,0,0,0,0,-15,0,0,0,0,0,0,0,0,0,0,0,0,0,0,-15,0,0,0,0,0,0,0,0,0,0,0,0,0,0,0,0,0,0,0,0,0,0,0,0,-15,10,0,0,0,0,0,0,0,0,15,0,0,0,0,0,0,0,0,0,0,0,0,0,15,0,0,0,0,0,0,-5,0,-15,0,0,0,0,0,0,5,-15,0,0,0,0,0,0,0,0,-15,0,0,0,0,0,0,0,-15,-15,0,0,0,0,-15,-15,10,15,15,15,5,15,5,-15,15,-15,5,10,-15,-15,-15,10,5,-15,15,10,-15,-15,-15,15,15,15,5,-15,-15,10,-15,10,-15,10,-15,-15,-15,-15,0,-5,5,5,-15,-5,0,-10,10,10,15,5,-10,10,5,10,-15,-10,-5,10,10,-5,10,-15,0,-5,5,10,-10,-15,-5,5,0,-5,-15,0,5,0,-10,0,15,-5,0,-10,0,-5,-5,10,10,0,5,5,10,5,-10,-5,-15,0,-5,0,-15,0,5,-10,10,-15,-10,-5,-5,0,-10,-5,15,0,5,-5,-10,-15,-5,0,-10,-15,-5,0.4694,0.0012,0.0052
Mathilda,15,-15,10,0,10,5,-10,0,0,-15,10,0,10,0,0,15,0,10,-15,10,0,0,-15,0,0,0,15,0,0,0,0,0,0,0,-15,0,0,-5,-10,-10,15,0,-5,0,0,10,-10,0,0,0,0,10,0,15,10,-15,-15,0,0,0,-15,0,15,-15,0,-15,10,0,15,15,0,10,0,15,15,10,0,-15,10,10,10,15,15,0,0,-15,0,0,5,0,0,0,0,-15,15,15,0,0,0,-15,0,0,-15,-15,10,0,10,5,-15,0,5,5,5,5,10,10,0,0,10,5,0,0,0,10,15,15,5,15,15,15,15,15,15,15,15,15,15,15,15,15,15,15,5,15,15,15,15,15,15,15,15,10,15,10,15,15,-15,15,15,15,15,15,15,-15,5,5,0,10,15,-15,5,15,0,-10,10,-10,-5,5,15,5,5,-10,15,0,0,5,-10,15,-5,15,15,-15,-5,-10,15,5,0,-15,-5,-15,10,-10,15,-5,15,-10,0,0,5,5,-15,-5,-5,-5,-10,0,5,10,-10,15,10,-10,-15,-5,15,5,10,0,5,-15,0,0,15,-15,0,-10,10,-15,-10,5,-15,-10,-15,0,15,5,0.5751,0.0051,0.1385
Melissa,5,10,0,5,0,0,0,0,0,0,0,5,0,0,0,0,0,-15,15,0,-15,-15,10,0,0,0,0,-15,0,0,0,0,0,0,0,0,0,0,0,0,0,0,0,0,0,0,0,10,0,-15,0,0,0,0,0,0,0,-15,-15,0,10,0,0,0,0,0,10,-15,0,15,0,0,0,-15,0,-15,0,0,0,0,0,0,0,0,0,5,5,-15,-15,5,0,-15,0,0,0,0,0,0,-15,5,0,5,5,0,0,0,10,0,15,0,5,5,5,5,-15,0,0,0,0,5,0,0,0,5,10,15,5,10,15,15,15,-15,15,15,15,15,15,15,15,15,15,15,10,15,10,15,-10,-10,15,10,-15,10,15,15,15,15,15,15,0,15,10,15,15,10,-15,-5,-15,0,10,0,15,10,-10,5,-5,15,0,0,10,-15,-5,0,10,5,-10,-15,-10,15,0,15,5,15,10,-5,5,-5,5,-5,-10,-10,5,0,5,-15,0,15,-5,0,10,-10,0,10,-5,10,0,15,0,5,-15,-10,-5,-15,-10,-5,5,10,10,-5,-15,15,-15,-10,10,5,5,-10,15,-5,-5,15,5,-15,-5,-10,-15,10,0.5376,0.0118,0.0217
Minotaur,15,-15,15,15,15,15,-10,5,15,-15,15,15,15,0,0,15,0,15,-15,15,15,15,-15,15,10,0,10,15,15,15,-15,0,0,10,-15,0,15,-15,-15,-15,0,10,-5,0,5,0,-10,10,0,0,0,15,0,15,10,-15,-15,15,15,0,-15,15,15,-15,15,-15,15,15,15,-15,15,15,5,10,10,10,5,-15,15,15,15,15,0,-15,5,0,0,10,0,15,0,5,0,0,15,10,10,0,0,-15,5,5,0,0,0,0,10,5,-15,0,15,5,5,15,0,15,10,0,0,15,10,0,0,15,15,15,-15,15,15,15,15,15,15,15,15,10,10,10,15,-15,15,-15,15,15,10,0,5,5,15,15,15,15,10,-15,0,15,10,5,15,5,5,5,15,5,0,0,10,15,-15,-15,10,-10,-15,0,-5,-10,0,10,10,10,15,-10,-10,15,-15,-5,0,0,0,15,0,0,10,0,15,-10,-5,0,0,-5,5,-5,0,15,-5,5,15,0,0,-10,0,-15,5,-10,10,15,-15,0,-15,-10,15,5,-10,15,15,-15,5,-10,-10,0,-10,-5,15,-5,10,-10,5,-10,10,-10,15,-5,0,0,5,5,0.5681,0.0122,0.0839
Minsitthar,5,-10,-10,-5,0,0,0,10,-15,0,-15,10,-15,0,0,0,0,0,15,-15,0,0,0,0,0,0,-15,0,5,0,0,0,15,0,0,0,0,0,0,0,10,10,0,5,5,0,5,0,0,0,5,0,0,0,0,0,0,10,10,-15,10,0,15,0,15,10,10,10,-15,15,15,0,-15,0,-15,0,0,0,0,15,15,15,0,0,5,0,0,0,0,5,0,0,0,0,0,0,0,-15,0,0,5,0,0,0,-15,-15,-15,-15,15,-15,5,5,5,10,0,-5,10,0,0,-15,0,0,-15,10,15,10,5,5,15,0,15,15,15,0,-15,15,10,-15,-15,-15,15,-15,15,-15,10,-15,10,10,15,15,10,15,-15,-15,0,15,-15,-15,-15,15,-15,-15,-15,10,-10,0,0,15,-15,-5,5,-15,10,10,15,-15,10,10,-15,-5,0,-10,-15,10,-15,0,-15,5,-10,15,-10,5,-5,10,-5,-5,-10,-15,-10,5,-10,-5,15,-10,15,-5,5,-10,0,0,15,15,5,-15,15,-15,-10,-10,15,5,10,0,-5,-10,5,15,10,15,15,5,-10,-5,5,5,5,0,0,-5,0,0,15,10,-10,-5,5,10,0.4944,0.0048,0.0089
Miya,5,5,0,0,0,0,0,0,0,15,0,10,0,0,0,0,0,-15,15,0,-15,-15,10,0,0,0,0,-15,0,0,0,0,0,0,0,0,0,0,0,0,0,0,0,0,0,0,0,0,0,-15,0,0,0,0,0,0,0,-15,-15,0,10,0,0,0,0,0,0,-15,0,15,0,0,0,-15,0,-15,0,0,0,0,0,0,0,0,-15,10,0,0,-15,0,0,-15,0,0,0,0,0,0,0,0,0,10,0,0,0,0,10,0,15,0,0,0,0,10,-15,0,5,0,0,5,0,0,0,5,10,5,10,-15,10,15,10,5,-15,0,-15,-10,15,10,15,10,15,-15,-15,15,0,15,15,15,10,15,0,0,10,10,15,10,10,15,10,-15,10,15,0,5,15,15,-5,0,-15,-5,10,10,0,5,15,-10,5,0,-5,-5,10,-10,15,10,0,-15,-15,5,0,-10,0,-15,5,-10,-5,-15,-15,-15,-5,0,-10,-10,0,5,-5,10,-5,5,0,10,0,15,0,-10,10,0,5,-5,-15,-15,-5,5,0,-5,-15,-15,-10,-5,-15,10,10,0,15,-5,15,0,10,-10,10,5,0,-15,5,15,-15,0,0.4653,0.0161,0.0069
Moskov,5,10,0,0,0,0,0,0,0,0,0,0,0,0,0,0,0,-15,0,0,-15,-15,0,0,0,0,0,-15,0,0,0,0,0,0,0,0,0,0,0,0,0,0,0,0,0,0,0,0,0,-15,0,0,0,0,0,0,0,-15,-15,0,10,0,0,0,0,0,0,-15,0,15,0,0,0,-15,0,-15,0,0,0,0,0,0,0,5,-15,0,0,-15,0,0,0,-15,0,0,0,0,0,0,-15,0,0,0,0,0,0,0,0,0,0,0,0,0,0,0,-15,0,5,0,0,5,0,0,0,0,-15,5,10,10,15,15,15,5,-15,0,15,-15,15,15,5,10,15,-15,-15,15,0,15,15,15,10,15,0,0,10,10,5,10,10,15,10,10,10,15,10,15,-10,5,10,0,-10,0,5,-15,-10,5,-15,0,-10,-5,5,-5,-5,0,-10,0,-5,5,10,-10,-10,-10,0,-5,10,10,5,-10,-5,0,0,0,-10,-10,10,0,10,15,15,15,15,-10,0,0,5,5,5,0,-15,-15,15,-15,5,-5,15,-5,0,-15,15,-10,-10,15,15,0,0,10,-5,-5,-5,0,-15,-10,-15,-15,-10,-15,-5,-10,0.5249,0.0155,0.013
Nana,10,10,10,10,10,10,0,5,0,15,15,-15,0,0,0,0,0,15,0,10,0,0,0,-15,-15,0,0,0,0,0,0,0,0,0,0,-15,0,0,0,0,0,0,0,0,-15,0,0,0,0,0,0,-15,-15,0,0,0,0,0,0,0,10,0,0,5,-15,0,0,0,0,15,0,0,0,0,0,0,0,0,-15,-15,-15,15,0,0,5,15,5,0,0,0,0,10,10,-15,-15,10,-15,0,0,10,5,10,0,0,0,0,10,0,15,0,-15,-15,-15,-15,0,5,-15,5,0,10,-15,-15,0,15,15,10,10,15,15,15,15,15,15,15,15,10,15,15,-15,15,15,15,15,15,10,15,10,10,15,15,15,15,10,-15,15,15,10,15,10,5,15,15,15,0,5,5,15,10,-10,5,10,15,10,-15,0,-10,10,-15,5,-10,-5,-10,0,-10,-5,10,0,-10,0,-15,0,15,-5,5,-5,-10,-15,-5,-10,-10,-10,-5,-10,-15,-15,0,-10,-5,-10,10,-15,10,0,15,-5,-15,15,0,15,-5,-15,-5,0,-10,5,15,5,-5,-15,5,-5,5,10,10,0,10,5,-15,15,0,-15,-10,5,5,-5,10,0.493,0.0306,0.556
Natalia,5,-5,5,10,0,-10,-15,0,0,-15,-15,0,0,0,0,15,0,0,-15,0,0,0,-15,0,0,0,0,0,0,0,-15,0,0,0,0,0,-15,-15,-10,-15,0,0,-5,0,0,0,-10,0,-5,0,0,0,0,-15,0,0,-15,0,0,0,-15,0,0,-15,0,-15,0,0,0,-15,0,-5,0,0,0,10,-15,-15,0,0,0,0,-5,0,0,0,0,0,0,0,0,0,0,-15,0,0,0,0,0,0,0,0,-15,-15,0,0,5,0,-15,0,5,5,5,5,0,0,0,0,0,10,0,-5,-5,-5,-15,15,-15,-10,0,10,15,-10,-15,-15,-15,-15,-15,-10,-15,-15,15,-15,15,15,15,-15,5,5,-15,15,15,15,-15,-15,-15,-15,-15,-15,-15,15,5,-15,5,10,0,5,-5,0,-15,-10,-10,-15,-15,0,5,-10,-5,0,-15,-5,-10,5,10,-5,5,10,10,-5,10,10,-10,-15,-10,10,5,15,5,-10,0,-10,-10,15,-10,0,10,0,-10,0,-10,15,15,-5,0,0,-10,5,-5,10,10,-10,-15,15,0,10,5,0,15,15,0,15,0,-5,0,-10,-15,15,-10,10,5,-10,0,-15,0,-5,-10,-5,0.5213,0.0028,0.008
Natan,5,0,0,0,0,0,0,0,0,10,0,0,0,0,0,0,0,-15,15,0,-15,-15,0,0,0,0,0,-15,-15,0,0,0,0,0,0,0,0,0,0,0,0,0,10,0,0,0,0,0,0,-10,0,0,0,0,0,0,0,-15,-15,0,0,0,0,0,0,0,10,-15,0,15,0,0,0,-15,0,-15,0,0,0,0,0,10,0,0,-15,5,0,-15,-15,10,0,0,0,0,0,0,0,0,-15,0,0,10,0,5,5,0,10,0,15,0,5,5,5,15,-15,0,0,0,0,15,0,0,0,15,15,10,15,15,15,15,15,15,15,15,-15,10,15,15,-15,15,0,15,10,15,-10,15,5,5,-15,15,-15,15,15,15,15,15,15,15,-15,10,10,15,15,10,-10,5,10,-15,-15,0,0,5,5,15,-10,15,15,0,-5,-5,-10,-5,-5,-10,-5,15,5,15,0,-5,-5,-5,-5,10,5,0,0,-10,15,10,10,-10,-5,-5,15,10,-5,5,0,5,0,-10,5,-5,0,-15,-10,5,0,0,15,5,10,5,-15,0,15,-5,0,-15,5,5,-5,0,10,-10,15,5,5,10,0,-5,-15,15,-5,-10,0.5166,0.0078,0.061
Nolan,-15,10,-15,5,-5,-10,15,0,10,0,-15,0,0,0,0,-15,0,0,15,0,0,0,0,0,0,0,0,0,0,0,0,0,0,0,0,0,-15,0,0,0,0,0,0,0,0,-10,0,0,-10,0,-15,0,0,-15,-15,0,10,0,0,0,0,-15,0,0,0,0,-15,0,0,15,0,-15,0,0,0,0,-15,0,0,0,0,-15,-15,0,0,0,0,0,0,10,0,0,0,0,0,0,0,0,-15,0,0,10,0,0,0,0,15,0,15,0,10,0,0,10,-15,0,0,0,0,10,0,0,0,15,5,10,10,10,15,15,15,15,15,15,15,5,10,15,15,5,15,5,-15,15,15,10,15,15,5,15,15,-10,15,15,15,10,10,15,15,-10,15,15,5,5,-10,15,-10,10,-5,15,-5,-10,-15,10,-5,10,15,5,15,-15,5,-5,10,-15,-5,0,10,0,15,0,-5,-5,0,-10,5,10,-10,-10,15,0,0,-15,0,-10,5,-15,0,-10,-10,-15,0,15,-10,10,-5,0,10,0,-5,0,0,-5,15,5,-15,-5,-5,0,15,5,10,-10,0,-10,-15,0,-10,-10,15,-15,0,10,-15,0,-10,-10,0.5103,0.0059,0.1516
Novaria,-10,-5,0,10,-10,-10,-5,-5,0,0,-15,-15,0,0,0,15,0,0,0,0,0,0,0,0,-15,0,0,0,0,0,0,0,0,0,0,-15,0,-5,0,0,0,0,0,0,-15,0,0,0,0,0,0,-15,-15,0,0,-15,-15,0,0,0,10,0,0,-15,-15,0,0,0,0,15,0,-10,0,0,0,0,0,-5,-15,-15,-15,-5,0,-15,0,0,0,0,0,-15,-15,0,0,0,-15,10,-15,0,0,-15,0,0,0,-15,0,0,0,0,10,0,-15,-15,-15,-15,0,0,-15,10,0,10,-15,-15,0,15,10,-15,5,15,5,15,5,5,15,15,15,15,15,15,5,10,15,10,-15,15,15,5,15,15,15,15,-15,15,10,15,15,5,10,15,10,-15,15,15,-15,15,0,-10,-15,0,-5,10,5,10,-5,-15,15,-5,5,-5,-10,5,-15,10,0,-10,-5,5,-5,5,-15,5,-5,-5,-15,0,-15,5,10,5,10,-5,-10,0,-15,5,5,10,10,10,-15,-5,10,10,-5,-10,-5,-15,0,10,10,0,-10,15,10,-10,15,0,0,-5,-15,15,-10,5,-15,15,10,-10,-10,5,0,-10,15,15,-10,-10,5,-5,0.5158,0.009,0.0266
Odette,5,10,0,5,10,5,0,0,0,15,0,-15,0,0,0,0,0,0,15,0,0,0,0,0,-15,0,0,0,0,0,0,0,0,0,0,-15,0,0,0,0,0,0,10,0,-15,0,0,0,0,0,0,-15,-15,0,0,0,0,0,0,0,10,0,0,0,-15,0,0,0,0,15,0,0,0,0,0,0,0,0,-15,-15,-15,0,0,15,0,15,0,0,0,-15,0,0,0,-15,0,5,-15,0,0,0,0,10,0,0,0,-15,15,0,15,0,-15,-15,-15,-15,0,0,-15,0,0,15,-15,-15,0,15,10,-5,10,-10,15,15,15,-15,-15,15,15,-10,15,-10,-15,10,15,15,15,15,15,15,15,15,-15,15,15,15,15,15,15,-10,5,15,15,15,15,15,15,15,10,-5,10,0,10,5,0,15,-10,10,5,-5,0,-15,0,-5,10,10,5,-10,-15,-5,10,-10,-10,-15,10,10,5,15,15,0,-5,15,-5,5,5,-15,-5,0,-10,5,15,0,-10,0,-5,5,15,-5,-5,0,5,0,10,15,0,-15,0,-10,-5,15,15,0,15,10,5,-10,-10,0,-10,0,-15,-15,5,15,10,-15,-5,5,0,-5,0.506,0.0108,0.0066
Paquito,0,15,0,5,10,10,15,0,0,15,-15,10,-15,0,0,0,0,0,10,-15,5,15,0,0,0,0,0,0,0,0,0,0,15,0,0,0,0,0,0,0,0,0,0,0,0,0,0,5,0,0,0,0,0,0,0,0,0,0,0,0,10,0,0,0,0,0,0,0,0,15,0,0,0,0,0,0,0,0,0,10,0,0,0,15,0,10,0,0,0,10,0,0,0,10,5,0,0,15,0,15,0,0,0,0,0,0,10,0,15,-15,0,0,0,15,0,0,10,0,0,0,0,0,0,15,-10,10,10,5,15,15,15,15,-15,15,-15,0,15,15,5,15,15,10,15,15,15,15,15,15,15,15,15,15,15,15,15,15,15,15,15,15,15,15,15,-15,5,15,5,-15,-15,15,15,5,10,10,-5,-10,0,0,15,5,0,15,0,0,5,15,10,-15,0,15,-15,-5,-15,-5,10,10,15,0,5,15,15,-15,15,5,0,15,-10,-5,0,10,-15,15,15,0,5,10,-5,-15,0,-10,-5,-5,-10,-10,-15,-10,-5,10,-10,5,5,0,0,10,10,10,10,-10,-5,-15,15,5,5,-5,0,-10,0.4918,0.0077,0.0141
Pharsa,5,5,0,5,10,5,0,0,0,15,0,-15,0,0,0,0,0,0,0,0,5,0,0,0,-15,0,0,0,0,0,0,0,0,0,0,-15,0,0,0,0,0,0,0,0,-15,0,0,0,0,0,0,-15,-15,0,0,0,0,0,0,0,10,0,0,0,-15,0,0,0,0,15,0,0,0,0,0,0,0,0,-15,-15,-15,0,0,0,0,10,0,0,0,-15,0,0,0,-15,-15,0,0,0,0,0,0,0,0,0,0,0,10,0,15,0,-15,-15,-15,-15,0,0,-15,0,0,0,-15,-15,0,15,10,-15,10,10,15,15,15,-10,-10,15,15,15,15,15,-15,15,15,15,15,15,15,15,15,15,-15,15,15,15,15,15,15,15,15,15,15,-15,15,15,-10,-5,0,15,-10,15,-15,10,15,15,15,0,15,-5,0,-5,5,-15,10,-15,-15,15,-5,0,5,15,-15,15,-15,10,-15,5,-5,0,10,-5,-5,-10,5,5,0,0,-5,-10,-15,15,0,15,-15,0,0,5,5,15,5,-5,15,0,5,-5,-10,15,-10,-15,-5,0,-10,-10,10,15,0,-5,-10,-15,15,-10,-10,15,-5,0,-10,-15,-10,0,0.4638,0.0036,0.0009
Phoveus,0,15,0,0,0,0,10,-15,-15,0,-15,0,-15,0,0,0,0,0,0,-15,0,0,0,0,0,0,-15,0,0,0,0,0,0,0,0,0,0,5,0,0,0,0,0,0,0,0,0,0,0,0,0,0,0,0,0,0,0,0,0,-15,10,0,0,0,0,0,0,0,-15,15,0,0,-15,0,-15,0,0,0,0,0,0,15,0,0,0,0,-15,0,0,0,0,0,0,0,0,15,0,0,0,0,0,-15,0,0,-15,-15,-15,-15,0,-15,0,0,0,0,0,-15,0,0,0,-15,0,0,-15,-15,-15,-15,-10,-15,15,-15,-15,15,-15,-15,-15,-15,-15,-15,-15,-15,5,-15,15,-15,-15,-15,-15,-15,15,5,0,-15,-15,-15,10,-15,-15,15,-15,5,-15,15,-15,-15,-5,10,15,-5,0,5,-5,-15,-5,-5,5,10,-10,15,-15,-15,0,10,0,10,15,5,-15,0,10,5,-10,0,-5,-10,-5,0,10,0,-5,-5,15,10,10,0,10,5,-10,15,-15,10,15,10,5,0,10,0,15,-15,0,15,0,-5,10,-10,15,10,-15,0,-15,10,15,-15,-15,10,5,15,10,-5,10,-10,5,5,0,15,-10,10,0.52,0.0007,0.001
Popol and Kupa,5,5,0,0,0,0,0,0,0,0,0,0,0,0,0,0,0,-15,0,0,-15,-15,0,0,0,0,0,-15,-15,0,0,0,0,0,0,0,0,0,0,0,0,0,0,0,0,0,0,0,0,-5,0,0,0,0,0,0,0,0,-15,0,10,0,0,0,0,0,0,-15,0,15,0,0,0,-15,0,-15,0,0,0,0,0,0,0,0,-15,0,0,0,-15,0,0,-15,-15,0,0,0,0,0,0,0,0,0,0,0,0,0,0,0,0,0,0,0,0,0,-15,0,0,0,0,0,0,0,0,-10,-15,10,10,10,15,15,10,5,-15,15,-15,-15,15,5,0,15,0,10,-15,10,15,15,-15,-15,5,10,-15,15,10,10,15,5,15,5,-15,-15,-15,5,10,10,5,-10,0,0,0,15,10,15,-5,-10,-5,10,-10,15,10,0,15,0,5,15,5,0,5,-15,15,-5,5,-10,0,-10,-10,5,-15,-5,10,-15,-10,0,0,-10,-5,-5,10,-15,0,10,-5,5,-5,10,0,-5,5,-15,15,5,5,0,10,0,5,5,0,0,-5,-5,10,-15,-15,0,10,0,-15,10,15,0,-15,-10,-10,-10,-15,0,0.538,0.0051,0.0078
Rafaela,10,-10,10,15,10,5,-10,0,10,-15,10,0,0,0,0,15,0,0,-15,10,0,5,0,0,0,0,0,0,0,15,-15,0,0,15,-15,0,-15,-15,-15,-15,10,0,-5,0,0,10,-10,0,0,0,-5,0,0,0,10,0,0,15,0,0,-15,0,10,-15,0,-15,0,0,0,-15,0,10,0,0,15,0,0,-15,0,0,0,15,5,-15,5,-15,0,0,0,10,0,0,0,-15,0,15,0,0,0,0,10,10,-15,-15,0,0,10,10,-15,10,0,0,5,15,0,0,5,15,0,15,-5,-5,-5,10,15,10,5,15,15,5,15,10,-15,10,5,10,15,15,15,15,-15,15,5,15,5,-15,5,5,5,5,-15,0,15,0,10,10,10,-15,10,5,10,-15,10,15,5,10,-10,-5,15,0,-5,-5,0,0,-10,10,-10,-5,-5,15,0,0,-10,15,0,-5,10,-10,-10,5,-10,-15,5,-15,15,-5,-5,-10,0,0,0,0,15,15,-5,15,0,0,10,0,15,-10,0,0,0,5,-5,15,0,15,15,5,0,-5,5,-5,-10,10,15,-10,5,-10,15,5,10,-5,-5,5,15,0,-5,0,5,0,-10,0,0.5218,0.0037,0.0027
Roger,-15,5,-5,-15,-5,-10,10,-5,0,0,-15,0,0,0,0,-15,0,0,10,0,0,0,0,0,0,0,0,0,0,0,0,0,0,0,0,0,-15,0,0,0,0,0,0,0,0,-10,0,0,-10,0,-10,0,0,0,-15,0,0,0,0,0,10,-15,0,0,0,10,-15,0,0,15,0,-15,0,0,0,0,-15,0,0,0,0,-15,-15,0,0,5,5,0,0,5,0,0,0,0,0,0,0,0,0,10,0,10,-15,0,0,0,10,0,15,0,0,0,0,15,0,0,15,-15,-15,10,0,0,-5,-15,-10,10,10,10,15,15,5,15,-15,5,15,15,15,10,15,10,15,15,-15,15,15,10,15,15,-10,10,10,10,15,15,5,-15,5,10,15,10,15,10,5,0,5,15,10,5,10,-15,5,5,15,-15,10,-5,5,-15,-15,5,10,15,-15,-5,10,5,10,-10,-15,0,-10,5,5,15,-5,10,-15,15,-15,-5,10,5,-5,-10,5,10,0,10,-5,0,5,-15,-5,-5,-5,15,10,0,-15,-15,10,-10,10,0,0,-5,-10,-15,-10,10,-15,-15,-10,0,0,-5,0,-15,-15,-15,5,-15,-15,0,-15,5,0.5246,0.006,0.0026
Ruby,10,5,0,0,5,10,5,-15,-15,10,-15,15,0,0,0,15,0,0,10,-15,15,0,0,0,0,0,0,0,0,0,0,0,0,0,10,0,15,5,0,0,0,0,5,5,10,0,0,0,0,0,5,0,0,0,10,0,0,5,10,-15,10,0,0,0,10,0,0,10,-15,15,0,0,-15,5,-15,0,0,0,0,10,5,0,0,0,5,5,0,10,0,10,0,10,10,0,10,0,0,-15,0,10,10,0,0,0,-15,-15,-15,-15,10,-15,0,15,15,15,0,0,0,0,0,-15,0,0,-15,15,-15,15,5,15,15,15,15,15,0,15,15,10,15,15,15,10,15,15,15,15,15,15,15,15,15,15,15,15,15,-15,10,15,10,15,15,15,15,15,15,-5,-15,-5,-5,0,-15,5,-10,0,-15,-10,5,-5,-15,-5,-10,0,-10,0,-5,-15,15,-15,15,5,5,-10,10,-10,10,10,0,0,0,5,-15,5,15,0,-5,0,0,-5,5,-10,15,10,-5,15,-10,5,15,-5,-5,10,10,-5,10,5,0,15,0,0,0,10,5,0,-10,-5,-5,15,-15,-5,0,15,0,0,0,-10,0,-5,-5,-15,0.5668,0.0151,0.1412
Saber,5,-10,0,5,-5,-5,-10,0,0,-15,-15,0,0,0,0,15,0,0,-15,0,0,0,-15,0,0,0,0,0,0,0,-15,0,0,0,-15,-15,-15,-15,0,0,0,5,0,0,0,-5,0,5,-10,0,-5,0,-15,-15,0,-15,-15,0,5,0,10,0,0,-15,0,-15,0,0,0,-15,0,-10,0,0,0,0,0,-15,0,0,0,0,0,-15,5,0,0,0,0,0,-15,0,0,0,0,0,0,0,0,-15,-15,0,0,0,0,0,0,0,0,0,0,0,0,0,0,0,0,0,0,10,0,0,0,15,5,10,15,15,15,15,5,15,-15,15,15,10,10,15,-15,-15,15,-15,15,15,15,15,15,15,15,10,15,15,15,-15,-15,10,10,15,15,15,15,15,15,-5,0,0,5,-15,-10,0,0,-15,-10,-10,5,5,0,5,10,0,-5,-5,15,-15,10,0,15,-5,5,0,5,-15,15,-15,-5,-5,0,15,-5,10,15,0,5,5,-10,5,15,15,-5,0,15,-10,-5,-15,-15,0,5,15,-5,-10,5,5,5,5,-5,0,-5,10,15,-10,5,5,15,10,-10,15,5,0,0,0,0,15,5,15,-5,-15,0.4785,0.0084,0.0475
Selena,10,-5,0,15,0,-5,-10,0,0,-15,-15,0,0,0,0,15,0,0,-15,0,0,0,-15,0,0,0,0,0,0,0,-15,0,0,0,-15,-15,-15,-15,-15,-15,0,0,0,0,0,0,0,0,0,0,0,0,-15,-15,0,-15,-15,0,5,0,10,0,0,-15,0,-15,0,0,0,-15,0,0,0,0,0,0,0,-15,0,0,0,0,0,-15,0,0,0,0,0,0,-15,5,0,-15,0,0,0,0,0,-15,0,0,0,0,0,0,0,0,-15,0,0,-15,0,0,0,0,0,0,-15,0,0,0,0,10,10,15,10,15,15,15,10,15,0,15,15,15,10,15,10,10,15,-15,15,15,15,15,15,15,-15,10,15,15,15,-15,5,5,5,5,15,15,15,5,15,-5,-15,0,-15,10,-15,-5,15,5,-10,15,-5,-5,-15,15,10,-10,-15,5,0,0,-5,5,10,5,-10,-15,10,-10,0,-15,5,-10,0,0,-5,5,-5,0,15,10,-5,15,-10,-5,-15,-10,0,-15,-10,5,-15,-15,15,-10,-10,10,10,10,5,-15,15,0,0,-15,-15,0,15,-15,10,10,10,-10,15,5,5,5,-5,-10,0,-5,-5,-10,0.4994,0.0062,0.0056
Silvanna,10,-5,0,0,0,0,0,-15,-15,15,-15,0,-15,0,0,0,0,0,0,-15,0,0,0,0,0,0,-15,0,0,0,0,0,0,0,0,0,0,0,0,0,0,0,0,0,0,0,0,0,0,0,0,0,0,0,0,0,0,0,5,-15,10,0,0,0,0,0,0,0,-15,15,0,0,-15,0,-15,0,0,0,0,0,0,0,0,10,0,0,-15,0,0,0,0,5,0,0,0,0,0,-15,0,0,0,-15,0,0,0,-15,-15,-15,15,-15,10,10,10,10,0,-10,10,0,-10,-10,0,0,-10,15,0,5,10,15,15,15,15,15,5,15,15,15,15,15,0,15,15,15,15,15,15,15,15,15,5,15,15,15,15,-15,5,10,5,10,15,15,15,10,15,-15,-15,5,0,-10,-5,-15,-5,-5,-10,5,0,-10,-15,-15,-10,-5,-10,0,0,15,-10,15,-5,10,15,-10,0,5,-5,-15,15,10,15,10,10,0,-5,15,10,0,0,0,-15,-5,5,0,-15,5,-15,15,10,-5,-10,-10,-5,10,0,-5,0,0,-10,10,10,0,0,0,5,10,5,15,5,-15,-10,10,-15,15,0,5,-10,-5,15,15,0.518,0.007,0.0046
Sun,-5,-10,-15,0,-5,-10,-10,-15,-15,0,-15,0,-15,0,0,0,0,0,0,-15,0,0,0,0,0,0,-15,0,0,0,0,0,0,0,0,0,0,0,0,0,0,0,0,0,0,0,0,0,0,0,0,0,0,0,0,0,0,0,0,-15,10,0,0,0,0,0,0,0,-15,0,0,0,-15,0,-15,0,0,0,0,0,0,0,0,0,0,0,-15,0,0,0,0,0,0,0,-15,0,0,-15,0,0,0,-15,0,0,-15,0,-15,-15,0,-15,0,0,0,0,0,-10,0,0,-10,-10,0,0,-15,-10,-15,15,5,-10,15,15,15,-10,-15,-10,5,10,15,10,15,15,15,15,-15,15,15,5,-15,-15,15,10,-15,10,15,-15,10,0,15,10,15,-15,15,10,15,-5,-10,-5,5,0,10,-5,10,10,-10,10,5,-15,-5,-15,10,-15,15,15,0,10,-15,0,15,-5,-5,-15,-15,15,5,-5,-5,0,10,-5,5,0,-5,15,-10,0,0,10,15,-15,-10,-15,10,-15,-5,-15,0,-5,-5,5,15,-10,15,15,0,-10,5,-15,-5,-15,0,-5,-15,-15,-10,0,0,-15,0,-5,-5,5,15,15,10,10,15,0,0.5013,0.0141,0.0677
Terizla,10,15,-10,5,10,10,10,-15,-15,15,-15,15,-15,0,0,15,0,15,15,-15,15,10,15,15,0,0,-15,10,0,0,0,0,15,0,15,0,15,5,10,0,0,5,5,5,5,0,5,10,0,0,0,0,0,10,0,0,5,10,10,-15,10,10,10,10,10,10,15,15,-15,15,10,10,-15,10,-15,0,10,15,5,15,15,15,0,10,10,10,-15,10,0,10,5,10,15,0,15,10,10,-15,0,10,10,-15,0,0,-15,-15,0,-15,15,-15,0,0,5,10,0,-10,10,0,0,-10,0,0,-10,15,5,15,-15,5,15,10,10,-15,0,15,5,10,10,10,-10,5,-15,5,-15,5,5,-5,10,10,-15,5,5,-15,5,-15,5,0,10,15,15,10,5,15,15,10,15,0,15,0,0,-5,-10,5,15,0,-15,0,0,-5,-10,-5,10,10,5,0,-15,-15,-10,-15,15,-5,-15,-10,-10,-5,15,15,0,15,-15,15,0,-15,15,15,-5,10,-10,15,10,10,0,10,-15,0,5,-5,15,-10,5,10,-10,5,10,5,-5,-15,10,-10,-15,0,5,15,5,15,5,-5,-15,10,0,10,5,0,-15,0,-15,-5,0.5157,0.0066,0.0036
Thamuz,5,10,-10,5,0,0,5,-15,-15,0,-15,0,-15,0,0,15,0,5,0,-15,0,0,0,15,0,0,-15,0,0,0,0,0,0,0,0,0,0,0,0,0,0,0,0,0,0,0,-5,0,0,0,0,0,0,5,0,0,15,0,0,-15,10,0,0,0,10,10,0,0,-15,15,10,0,-15,0,-15,0,0,0,0,0,5,0,0,5,0,5,-15,0,0,0,0,0,0,0,0,0,0,-15,0,10,0,-15,0,0,-15,-15,-15,0,5,-15,0,10,10,10,0,-10,10,0,0,0,0,0,-10,15,0,15,10,10,15,15,15,-5,15,10,-15,15,15,15,15,15,-15,-15,15,15,10,5,-15,-15,15,15,5,10,10,10,10,10,15,15,15,15,5,15,15,5,10,-15,15,0,10,-15,10,15,5,10,-5,-10,-10,-15,0,-5,-10,5,-5,15,15,0,-15,0,-15,5,15,-5,5,-5,-15,-5,10,-5,-5,-5,15,15,10,0,10,-5,-10,-5,0,-10,-15,-10,10,5,15,10,-5,5,5,-5,5,5,-15,0,15,15,10,10,10,-15,0,0,-10,-15,-10,-5,-15,-10,0,15,-5,0,10,-15,5,0,0.4941,0.0105,0.0168
Tigreal,15,-15,15,15,15,15,-10,10,15,-15,15,15,15,0,0,15,0,15,-15,15,15,15,-15,15,15,0,5,15,15,0,-15,0,0,15,-15,10,0,-15,-15,0,0,15,-5,10,15,0,-5,10,10,0,0,0,15,15,15,-15,-15,15,15,0,-15,15,15,0,15,-15,15,15,15,-15,15,15,15,15,15,15,15,-15,15,15,15,15,0,-15,15,-15,15,15,0,15,-15,15,15,10,15,15,15,0,0,-15,15,10,0,-15,15,0,15,5,0,0,15,15,15,15,10,15,15,0,0,15,15,0,5,15,-15,15,15,15,15,15,15,15,0,15,5,15,15,15,10,15,15,15,15,15,15,10,15,15,15,10,15,15,15,-15,15,15,10,15,15,10,15,15,15,15,-15,5,-15,-10,0,10,0,-10,5,-10,-5,15,-10,-10,10,-5,10,10,-5,10,15,15,-5,-15,-5,-10,-5,5,0,-15,15,0,-5,5,-5,15,5,15,-15,15,-15,10,10,-5,5,-5,-15,10,5,10,15,-15,-5,0,15,0,15,-5,-10,-15,-10,5,5,-5,15,10,-15,0,0,-5,0,5,-10,-5,-15,-5,10,15,-10,5,-15,-15,0.512,0.025,0.556
Uranus,0,5,0,10,0,0,15,-15,0,0,0,0,-15,0,0,0,0,0,0,-15,0,0,0,0,0,0,0,0,0,0,0,0,0,0,15,0,0,0,10,0,0,0,0,0,0,0,0,0,0,0,0,0,0,0,0,0,0,5,0,0,10,0,0,0,0,-15,0,0,-15,15,0,0,-15,0,-15,0,0,0,0,0,0,0,-15,0,0,0,-15,0,0,0,0,0,0,0,0,-15,0,-15,0,10,0,-15,0,0,-15,-15,-15,-15,0,0,0,0,10,0,0,0,0,0,5,-10,0,0,0,15,-15,5,-15,5,15,15,5,-15,10,-15,-15,-15,-10,10,-15,-15,-15,15,-15,5,-15,10,5,5,0,5,-15,10,5,10,-15,10,0,0,-15,-15,10,0,5,-5,15,10,10,5,5,0,15,-5,-15,-15,-10,10,0,-5,5,-5,-10,15,5,-5,5,10,10,5,0,-10,10,10,-15,-5,5,5,-15,10,10,10,-10,-10,15,0,0,-10,-10,-10,10,-15,-15,15,5,-15,-10,15,0,-10,-10,10,5,-10,0,0,-5,-15,10,0,15,10,-10,15,0,15,15,15,5,0,0,10,-15,10,-5,15,5,5,0.4947,0.0033,0.0018
Vale,5,5,0,0,0,5,0,0,15,15,10,-15,0,0,0,15,0,10,15,0,0,5,0,-15,-15,0,5,10,0,0,0,0,0,0,0,-15,0,0,0,0,0,0,0,0,0,0,0,0,0,0,0,-15,-15,0,0,0,0,5,10,0,10,0,0,0,-15,0,0,0,15,15,0,0,5,0,10,0,0,10,-15,-15,-15,10,0,5,5,15,5,0,0,-15,5,5,10,-15,-15,0,-15,0,0,0,0,0,0,0,10,0,0,0,15,0,0,-15,-15,-15,0,0,-15,0,0,0,-15,-15,0,15,15,5,10,10,15,15,10,0,15,5,10,5,5,15,-15,-10,10,-10,10,15,15,5,15,15,-15,0,5,15,10,-15,5,-10,5,15,15,5,10,15,15,15,-5,-5,5,-5,15,-10,-5,-5,5,10,-15,0,-5,-10,-10,0,10,5,0,-15,15,-5,5,-5,0,15,-15,5,-10,0,-10,-5,0,10,0,15,15,0,-5,15,-5,15,0,0,-10,-10,10,5,-5,10,15,5,15,15,-5,10,5,10,5,5,15,-5,10,-10,-10,5,-15,-10,5,0,10,-10,5,-10,0,-5,0,10,5,0,-5,-5,0.5083,0.0106,0.0106
Valentina,5,10,0,5,5,10,0,0,15,0,10,-15,0,0,0,15,0,15,15,0,15,5,0,-15,-15,0,5,10,0,0,0,0,0,0,0,-15,0,0,0,0,0,0,0,0,0,0,0,0,0,0,0,-15,-15,10,10,0,0,0,0,0,10,0,0,0,-15,0,0,0,0,15,0,0,5,0,10,0,0,10,-15,-15,-15,10,0,5,5,5,5,0,0,-15,5,5,0,-15,-15,0,-15,0,0,0,0,15,0,-15,10,0,0,10,15,0,-15,0,-15,-15,5,5,-15,5,5,15,-15,-15,10,15,15,-15,-15,0,0,10,-15,0,15,-15,15,10,-15,10,-15,-15,10,-15,-15,15,-15,15,-15,-15,-15,-15,-15,5,15,15,-15,-15,-15,15,-15,-15,15,15,15,-10,-5,5,-10,-10,15,-10,-15,5,10,5,15,-5,-5,-10,-5,5,-5,10,-10,15,-10,0,-15,-10,-5,-10,-10,-15,-5,15,-15,5,-5,15,0,-5,-10,0,15,-5,0,0,15,5,-5,-15,5,5,5,-10,15,0,-15,15,-5,10,5,15,-15,0,0,-10,15,15,15,10,-15,-10,10,10,0,10,15,5,-15,15,5,-5,-10,10,0,-10,0.4569,0.0026,0.0035
Valir,5,0,0,10,10,10,0,0,15,0,10,-15,0,0,0,15,0,15,15,0,15,5,15,-15,-15,0,5,10,10,0,0,15,0,0,0,-15,5,0,0,0,10,10,0,5,0,5,0,0,0,0,0,-15,-15,15,0,0,10,15,0,0,10,0,0,0,-15,0,0,0,0,15,0,0,5,10,10,0,0,10,-15,-15,-15,15,0,5,5,5,5,0,0,-15,5,5,0,-15,-15,0,-15,0,0,5,0,15,0,0,10,0,5,10,15,10,-15,-15,0,-15,0,5,0,10,5,10,-15,-15,10,15,10,10,10,15,15,0,15,5,15,15,15,15,15,5,15,15,-15,15,5,-15,5,15,-15,-15,15,15,-15,-15,-15,-15,15,15,15,-15,-15,-15,5,-15,15,-15,-15,-10,-10,5,15,-5,-15,5,-15,5,-5,15,-10,0,0,-10,-5,10,15,-5,10,0,0,5,-15,-5,5,5,15,-10,15,15,-15,0,10,5,0,-15,15,-5,-15,5,-15,-5,15,15,-15,-15,-5,5,5,0,5,10,-10,-5,-15,15,-15,-10,-15,10,-10,-5,0,-10,-5,15,-5,-5,10,0,15,-5,-10,-15,10,-10,-10,5,5,10,0.4912,0.0115,0.0717
Vexana,15,15,0,15,15,15,5,0,15,15,10,-15,15,0,0,15,0,15,15,15,15,15,15,-15,-15,0,5,10,15,0,15,0,15,15,0,-15,10,5,0,0,5,0,0,0,-15,5,0,0,0,0,0,-15,-15,15,10,10,15,15,15,0,15,10,0,15,-15,10,15,15,15,15,0,10,15,10,10,0,10,10,-15,-15,-15,15,0,5,5,15,10,10,0,-15,5,15,10,-15,-15,15,-15,0,0,15,15,15,0,0,10,0,10,10,15,0,-15,-15,-15,0,5,5,-10,5,5,15,-10,-15,0,10,10,5,10,15,15,15,5,5,5,15,15,10,5,10,10,10,15,10,10,15,10,10,10,10,10,10,10,10,10,-15,10,10,10,5,10,5,10,5,15,15,-5,-5,5,5,0,0,10,-5,-5,5,-5,10,15,10,15,5,5,15,-5,-10,-5,-15,10,10,15,-5,-15,10,5,-5,-10,0,-10,15,15,10,0,-15,15,0,10,5,15,5,10,0,-5,5,15,15,5,5,10,-15,0,10,-5,15,-5,10,15,-15,-10,5,-15,-5,15,10,-15,10,-10,-10,0,0,15,0,-10,-10,10,-10,5,-10,0.5165,0.0303,0.3789
Wanwan,5,5,0,10,0,0,0,0,0,0,0,0,0,0,0,0,0,-15,10,0,-15,-15,0,0,0,0,0,-15,-15,0,0,0,0,0,0,0,0,0,0,0,5,0,5,0,0,0,0,0,0,-15,0,0,0,0,0,0,0,-15,-15,0,10,0,0,0,0,10,-10,-15,0,15,0,0,0,-15,0,-15,0,0,0,0,0,0,0,10,-15,0,0,-15,-15,0,0,-15,-15,0,0,0,0,0,-15,0,0,0,0,0,0,0,0,0,10,0,0,5,0,5,0,0,10,0,-5,10,0,0,0,5,15,15,15,15,15,10,15,5,15,15,15,15,15,5,15,15,-15,15,10,-15,-15,15,-15,-15,15,15,-10,-10,-15,-15,15,15,15,10,-10,-15,15,10,5,15,15,10,5,-15,-5,0,-15,0,-10,-10,0,10,10,-10,5,-15,-10,10,0,-15,0,-15,5,10,5,-10,5,-15,10,-15,-5,-10,5,-10,5,-15,0,-15,15,15,-15,-10,10,5,10,10,5,10,10,0,-5,-10,0,-10,10,15,-15,10,-15,0,5,-5,10,10,15,15,5,0,-10,0,10,-15,0,0,5,-10,10,-10,15,0,0,-15,0.4525,0.003,0.0151
X.Borg,5,5,0,0,5,0,0,-15,-15,15,-15,10,-15,0,0,0,0,0,15,-15,0,0,0,0,0,0,-15,0,0,0,0,0,0,0,0,0,0,0,0,0,0,0,0,0,0,0,0,0,0,0,0,0,0,0,0,0,0,0,0,-15,10,0,0,0,0,0,0,0,-15,15,0,0,-15,0,-15,0,0,10,0,0,0,15,0,10,0,15,-5,0,0,5,0,0,0,0,0,0,0,-15,0,0,0,0,0,0,-10,-10,-10,-10,15,0,0,5,5,5,0,0,10,0,0,-5,0,0,-10,15,10,15,15,15,15,15,15,5,15,15,-15,15,15,10,15,15,-15,15,15,15,5,15,-15,-15,15,15,-15,15,10,15,15,15,15,15,15,-15,15,15,15,-5,5,10,-10,5,10,5,5,-5,15,10,10,0,10,-5,0,0,5,0,-15,15,-5,10,-15,-10,15,5,15,5,0,5,5,0,5,-15,5,-10,5,10,0,0,-10,5,15,5,-10,10,-10,5,5,5,15,10,15,10,-15,15,0,-10,10,-5,5,-10,5,-10,-5,-5,0,-5,10,5,-10,5,-5,-15,0,-15,10,-5,15,10,15,-10,0.5369,0.0128,0.0453
Xavier,15,15,0,10,10,15,5,0,0,15,10,-15,10,0,0,15,0,15,15,15,15,15,0,-15,0,0,15,15,10,0,0,0,0,0,0,0,0,0,0,0,5,0,0,0,-15,0,0,0,0,0,0,-15,-15,0,0,0,0,0,10,0,10,0,0,15,-15,10,10,15,15,15,10,0,15,10,0,0,0,10,-15,-15,-15,5,0,0,0,10,10,5,5,-15,0,0,0,-15,-15,10,-15,0,0,5,15,0,0,0,10,0,10,10,15,0,-15,-15,0,-10,10,10,0,5,5,15,-10,-5,5,15,10,-15,-10,15,15,15,15,10,15,15,15,15,15,15,15,15,5,15,15,15,15,15,10,10,5,15,-10,15,15,15,15,15,15,15,15,-15,15,15,10,-15,10,0,-10,0,-15,5,-5,-15,-15,-10,5,-10,-5,0,0,0,0,-5,15,-15,10,-15,5,5,5,-15,10,15,10,10,15,10,15,-15,0,-10,10,-10,-15,0,0,-10,-5,-10,-5,0,-5,10,-5,-15,15,5,-15,5,0,-10,10,-15,0,15,-5,-15,15,-10,0,-15,15,10,-10,5,-5,0,-5,15,0,0,10,15,10,0,0,15,0.5167,0.0051,0.0011
Yi Sun-shin,-15,10,0,-10,-10,-10,15,0,0,0,0,0,0,0,0,-15,0,0,0,0,0,0,0,0,0,0,0,0,0,0,0,0,0,0,0,0,0,0,0,0,0,0,0,0,0,-10,0,0,-10,0,-10,0,0,0,-15,0,0,0,0,0,10,0,0,0,0,10,0,0,0,15,0,-15,0,0,0,0,-15,0,0,0,0,0,-15,0,0,0,0,0,0,5,0,0,0,10,0,0,0,0,0,15,-15,0,0,0,0,0,0,0,0,0,0,5,10,5,0,0,5,0,-15,10,0,-15,-15,5,-15,5,10,10,5,15,5,10,5,5,10,5,5,15,-10,10,15,-10,-15,5,15,15,5,5,10,10,15,10,15,15,-15,10,5,5,10,10,15,5,5,0,0,0,0,5,-10,-5,-10,5,0,15,10,15,10,-10,0,0,10,-10,-5,15,15,0,-15,-10,5,-5,-15,0,0,15,-5,10,0,10,5,-5,-15,-10,0,-5,0,-10,-5,15,0,0,-10,0,5,15,-15,10,0,-5,-10,-15,10,5,-15,-5,5,-10,-15,5,-5,0,10,0,-15,-10,-5,-15,5,5,-5,10,0,5,-15,5,10,15,0.5508,0.0015,0.0004
Yin,-15,5,-15,0,0,-15,0,0,0,0,0,0,0,0,0,0,0,0,0,0,0,0,0,0,0,0,0,0,0,0,0,0,0,0,0,0,0,0,0,0,0,-10,0,0,0,0,0,0,-5,0,0,0,0,0,0,0,0,0,0,-15,10,5,0,0,0,10,0,0,0,15,0,0,0,5,0,0,-15,0,0,0,0,10,-15,10,0,0,0,0,0,0,0,0,0,0,0,0,0,0,0,0,-15,0,0,-15,-10,-10,0,0,0,5,0,5,5,5,-5,0,5,-15,0,10,0,-15,-15,10,-15,-15,-15,10,-10,15,-15,10,15,5,15,5,15,15,-15,-15,15,-15,10,15,15,15,15,15,15,5,10,15,15,-15,0,10,15,15,15,10,15,15,15,0,5,-10,15,-5,-15,5,-15,15,-10,0,-10,15,10,15,0,-10,-15,-10,-10,0,10,0,5,0,10,5,15,-15,10,10,-15,15,-10,-10,15,15,10,-15,10,-15,-15,5,-15,-15,5,0,5,-10,0,-10,5,-5,-5,0,15,15,-10,-10,-10,-10,5,0,0,0,10,-15,-15,-5,15,-10,15,0,0,10,10,5,-10,0,-10,-10,-15,15,0.4978,0.0164,0.5867
Yu Zhong,10,15,0,10,15,10,15,-15,0,15,-15,15,-15,0,0,15,0,15,15,-15,15,0,15,0,10,0,-15,0,10,0,0,0,0,0,15,0,15,10,10,0,0,0,0,0,0,0,5,5,0,0,0,0,5,10,10,10,10,10,10,-15,10,0,10,15,10,10,10,15,-15,15,10,0,-15,0,-15,0,0,15,0,15,0,15,0,5,5,15,-15,5,5,10,10,15,10,10,15,0,0,-15,0,15,10,-15,10,0,-10,-10,-10,0,15,-10,0,15,10,15,10,-5,15,10,10,0,5,-15,0,15,15,15,10,10,15,15,15,15,5,10,-15,15,15,15,0,10,15,15,5,15,5,15,15,15,10,10,-10,15,15,-15,10,10,15,15,15,-15,15,15,15,5,15,-10,-5,0,-15,10,-5,-5,-5,-15,0,-10,10,5,5,15,5,-10,10,0,-15,-5,0,10,0,5,-5,15,5,10,-5,-10,0,-10,5,0,10,-10,-5,15,-15,-10,5,-15,-5,-15,0,-5,-15,-10,15,5,-15,-15,5,-5,15,5,0,-10,5,10,5,-5,5,-5,-10,0,5,-15,-15,-10,10,15,-10,-5,0,5,0,-5,10,-10,0.5162,0.0103,0.0051
Yve,5,5,0,0,5,-5,0,0,0,15,0,-15,0,0,0,0,0,0,0,0,0,0,0,-15,-15,0,0,-15,0,0,0,0,0,0,0,-15,0,0,0,0,10,0,0,5,-15,0,0,0,0,0,0,0,-15,0,0,0,0,10,0,0,10,0,0,5,-15,0,0,0,0,15,0,0,0,0,0,0,0,0,-15,-15,-15,0,0,0,0,10,0,0,0,-15,0,0,0,-15,-15,0,-15,0,0,-5,0,0,0,0,0,0,0,0,15,0,-15,-15,-15,-10,0,0,-10,0,0,5,0,-15,0,5,-15,-15,-15,-10,5,5,10,-15,-15,15,15,-15,10,10,15,15,15,15,-15,15,15,10,5,5,-15,10,-15,15,15,-15,5,-5,-15,15,10,-15,15,15,-15,10,-10,10,-10,10,15,0,-10,0,-5,15,-5,-5,5,0,-15,15,10,-5,-5,0,-5,15,-10,10,10,5,10,15,15,-15,15,10,10,15,5,10,5,15,-15,-10,-5,10,5,10,10,5,10,-10,10,-15,5,-15,10,0,15,-10,15,-5,-10,-5,-15,5,10,-10,5,5,-15,15,10,15,-10,0,-10,15,-5,5,15,15,-10,0,-15,15,0.4837,0.0003,0.0003
Zhask,0,0,0,0,0,-10,0,0,0,0,0,-15,0,0,0,0,0,0,0,0,0,0,0,-15,-15,0,0,-15,0,0,0,0,0,0,0,0,0,0,0,0,0,0,0,5,-15,0,0,0,0,0,0,0,-15,0,0,0,0,0,0,0,10,0,0,0,-15,0,0,0,0,15,0,0,0,0,0,0,0,0,-15,-15,-15,0,0,0,0,0,0,0,0,-15,-5,0,0,-15,-15,0,-15,0,0,-5,0,0,0,0,0,0,0,0,0,0,-15,-15,-15,-15,0,0,-5,-15,-15,-15,-15,0,-15,10,-15,-15,-15,10,10,15,15,-15,15,10,-15,-15,15,15,5,15,15,15,-15,15,15,15,-15,-15,5,15,-10,10,15,5,10,15,10,5,10,-15,15,5,15,-10,0,-10,10,0,0,15,-5,-5,15,-10,-10,5,-10,-5,0,0,10,-5,10,0,-15,15,15,0,-5,5,15,15,15,5,15,0,-15,0,5,0,0,-15,-5,0,-5,0,-15,-15,0,-15,-10,15,-10,10,-5,-15,10,-10,-5,15,-10,-15,10,-15,15,5,-15,0,0,0,0,-15,5,-15,5,-5,10,-15,0,10,-5,-10,-5,0,0,0,0.5206,0.0062,0.0085
Zilong,-15,5,-15,-5,-5,-15,-15,-15,-15,0,-15,0,0,0,0,0,0,0,0,-15,0,0,0,0,0,0,-15,0,0,0,0,0,0,0,0,0,0,0,0,0,0,0,0,0,0,0,0,5,-5,0,0,0,0,0,0,0,0,0,0,0,10,0,0,0,0,10,-10,0,-15,15,0,0,-15,0,-15,0,-15,0,0,0,0,0,0,0,0,0,-15,0,0,0,-5,0,0,0,0,0,0,-15,0,-5,-5,-15,0,0,-10,-15,-10,-10,5,0,0,10,10,0,0,-10,5,-15,-15,0,0,-15,0,-15,-15,0,10,10,10,15,0,-15,-15,15,-15,-5,10,10,-15,5,15,5,15,15,15,15,10,10,10,5,10,15,15,10,-15,-15,15,15,15,15,15,15,15,-15,10,10,-15,10,-5,-10,15,10,-15,10,0,-15,-10,-10,-10,10,-15,-5,-5,5,10,-15,-5,-15,-5,15,-10,-15,0,-5,15,5,-15,-5,-10,10,-15,0,15,-10,-15,-15,-10,15,0,-10,5,10,0,-5,-10,10,10,10,5,-10,-15,15,5,-15,15,-5,10,10,-5,0,-15,-5,10,15,10,10,-10,15,-10,-5,-10,-15,5,-5,-10,0,0.4579,0.0133,0.0056
